spt,teff,bp_rp
B9V,10700,-0.12
B9.5V,10400,-0.087
A0V,9700,-0.037
A1V,9300,0.005
A2V,8800,0.068
A3V,8600,0.11
A4V,8250,0.166
A5V,8100,0.194
A6V,7910,0.222
A7V,7760,0.263
A8V,7590,0.32
A9V,7400,0.327
F0V,7220,0.377
F1V,7020,0.434
F2V,6820,0.49
F3V,6750,0.518
F4V,6670,0.546
F5V,6550,0.587
F6V,6350,0.64
F7V,6280,0.67
F8V,6180,0.694
F9V,6050,0.719
F9.5V,5990,0.767
G0V,5930,0.784
G1V,5860,0.803
G2V,5770,0.823
G3V,5720,0.832
G4V,5680,0.841
G5V,5660,0.85
G6V,5600,0.869
G7V,5550,0.88
G8V,5480,0.9
G9V,5380,0.95
K0V,5270,0.983
K1V,5170,1.01
K2V,5100,1.1
K3V,4830,1.21
K4V,4600,1.34
K5V,4440,1.43
K6V,4300,1.53
K7V,4100,1.7
K8V,3990,1.73
K9V,3930,1.79
M0V,3850,1.84
M0.5V,3770,1.97
M1V,3660,2.09
M1.5V,3620,2.13
M2V,3560,2.23
M2.5V,3470,2.39
M3V,3430,2.5
M3.5V,3270,2.78
M4V,3210,2.94
M4.5V,3110,3.16
M5V,3060,3.35
M5.5V,2930,3.71
M6V,2810,4.16
M6.5V,2740,4.5
M7V,2680,4.65
M7.5V,2630,4.72
M8V,2570,4.86
M8.5V,2420,5.1
M9V,2380,4.78
M9.5V,2350,4.86
