t,flux
2825.2812,1.00020
2825.3021,1.00013
2825.3229,1.00030
2825.3438,1.00009
2825.3646,1.00028
2825.3854,1.00011
2825.4062,1.00015
2825.4271,0.99997
2825.4479,1.00015
2825.4688,0.99995
2825.4896,1.00010
2825.5104,0.99994
2825.5312,0.99993
2825.5521,0.99987
2825.5729,1.00003
2825.5938,0.99986
2825.6146,1.00000
2825.6354,0.99987
2825.6562,1.00005
2825.6771,0.99993
2825.6979,1.00009
2825.7188,0.99999
2825.7396,1.00012
2825.7604,1.00008
2825.7812,1.00005
2825.8021,1.00009
2825.8229,1.00001
2825.8438,0.99991
2825.8646,0.99995
2825.8854,1.00013
2825.9062,0.99999
2825.9271,1.00008
2825.9479,0.99999
2825.9688,1.00001
2825.9896,0.99990
2826.0104,1.00001
2826.0312,1.00003
2826.0521,0.99997
2826.0729,1.00000
2826.0938,1.00010
2826.1146,0.99996
2826.1354,1.00000
2826.1562,0.99996
2826.1771,0.99984
2826.1979,0.99998
2826.2188,0.99994
2826.2396,0.99986
2826.2604,0.99995
2826.2812,0.99988
2826.3021,0.99990
2826.3229,0.99994
2826.3438,0.99985
2826.3646,1.00003
2826.3854,0.99993
2826.4062,1.00013
2826.4271,1.00000
2826.4479,1.00013
2826.4688,0.99996
2826.4896,0.99995
2826.5104,0.99985
2826.5312,0.99990
2826.5521,0.99988
2826.5729,1.00000
2826.5938,0.99995
2826.6146,0.99984
2826.6354,0.99992
2826.6562,0.99992
2826.6771,0.99996
2826.6979,0.99975
2826.7188,0.99806
2826.7396,0.98663
2826.7604,0.98423
2826.7812,0.98387
2826.8021,0.98436
2826.8229,0.98658
2826.8438,0.99782
2826.8646,0.99998
2826.8854,1.00001
2826.9062,0.99999
2826.9271,0.99999
2826.9479,0.99997
2826.9688,1.00009
2826.9896,0.99986
2827.0104,0.99968
2827.0312,0.99991
2827.0521,0.99990
2827.0729,0.99987
2827.0938,0.99989
2827.1146,0.99981
2827.1354,0.99996
2827.1562,0.99991
2827.1771,0.99978
2827.1979,0.99981
2827.2188,0.99993
2827.2396,0.99985
2827.2604,1.00002
2827.2812,0.99978
2827.3021,1.00004
2827.3229,0.99999
2827.3438,0.99998
2827.3646,1.00001
2827.3854,0.99990
2827.4062,1.00002
2827.4271,0.99989
2827.4479,0.99989
2827.4688,0.99994
2827.4896,1.00003
2827.5104,0.99991
2827.5312,0.99997
2827.5521,1.00000
2827.5729,0.99996
2827.5938,1.00010
2827.6146,0.99997
2827.6354,0.99991
2827.6562,0.99989
2827.6771,0.99996
2827.6979,1.00010
2827.7188,1.00003
2827.7396,0.99989
2827.7604,1.00011
2827.7812,0.99996
2827.8021,0.99995
2827.8229,1.00008
2827.8438,0.99996
2827.8646,0.99997
2827.8854,1.00000
2827.9062,1.00007
2827.9271,1.00012
2827.9479,1.00020
2827.9688,0.99998
2827.9896,1.00002
2828.0104,0.99983
2828.0312,0.99990
2828.0521,1.00008
2828.0729,0.99999
2828.0938,0.99993
2828.1146,0.99997
2828.1354,1.00013
2828.1562,0.99998
2828.1771,1.00003
2828.1979,1.00011
2828.2188,0.99999
2828.2396,1.00015
2828.2604,1.00008
2828.2812,0.99991
2828.3021,1.00013
2828.3229,1.00021
2828.3438,1.00012
2828.3646,0.99996
2828.3854,1.00014
2828.4062,1.00020
2828.4271,1.00005
2828.4479,1.00011
2828.4688,1.00007
2828.4896,1.00003
2828.5104,1.00012
2828.5312,1.00008
2828.5521,1.00003
2828.5729,1.00027
2828.5938,1.00013
2828.6146,1.00007
2828.6354,1.00000
2828.6562,1.00012
2828.6771,1.00017
2828.6979,0.99998
2828.7188,0.99996
2828.7396,1.00005
2828.7604,1.00005
2828.7812,1.00014
2828.8021,1.00014
2828.8229,1.00002
2828.8438,0.99994
2828.8646,1.00005
2828.8854,1.00010
2828.9062,1.00004
2828.9271,0.99997
2828.9479,1.00002
2828.9688,0.99999
2828.9896,1.00010
2829.0104,1.00012
2829.0312,1.00012
2829.0521,1.00014
2829.0729,1.00020
2829.0938,1.00011
2829.1146,1.00014
2829.1354,1.00001
2829.1562,1.00007
2829.1771,1.00011
2829.1979,1.00011
2829.2188,1.00002
2829.2396,1.00007
2829.2604,1.00016
2829.2812,1.00002
2829.3021,1.00004
2829.3229,0.99997
2829.3438,1.00016
2829.3646,1.00018
2829.3854,0.99997
2829.4062,1.00004
2829.4271,0.99999
2829.4479,1.00014
2829.4688,1.00004
2829.4896,1.00014
2829.5104,0.99997
2829.5312,1.00011
2829.5521,1.00004
2829.5729,1.00006
2829.5938,0.99990
2829.6146,0.99981
2829.6354,0.99995
2829.6562,1.00001
2829.6771,0.99980
2829.6979,0.99996
2829.7188,1.00000
2829.7396,1.00005
2829.7604,0.99996
2829.7812,0.99991
2829.8021,0.99995
2829.8229,0.99983
2829.8438,1.00006
2829.8646,1.00008
2829.8854,0.99991
2829.9062,1.00001
2829.9271,1.00010
2829.9479,1.00003
2829.9688,1.00005
2829.9896,0.99994
2830.0104,1.00014
2830.0312,0.99995
2830.0521,0.99983
2830.0729,0.99992
2830.0938,0.99983
2830.1146,0.99990
2830.1354,0.99988
2830.1562,0.99991
2830.1771,1.00000
2830.1979,0.99999
2830.2188,0.99987
2830.2396,0.99939
2830.2604,0.98854
2830.2812,0.98466
2830.3021,0.98396
2830.3229,0.98417
2830.3438,0.98570
2830.3646,0.99577
2830.3854,1.00005
2830.4062,0.99959
2830.4271,1.00003
2830.4479,0.99990
2830.4688,0.99996
2830.4896,1.00000
2830.5104,1.00014
2830.5312,0.99996
2830.5521,0.99994
2830.5729,0.99989
2830.5938,0.99993
2830.6146,0.99995
2830.6354,0.99994
2830.6562,0.99998
2830.6771,0.99998
2830.6979,0.99988
2830.7188,0.99995
2830.7396,1.00009
2830.7604,1.00006
2830.7812,1.00003
2830.8021,0.99993
2830.8229,0.99977
2830.8438,0.99992
2830.8646,0.99988
2830.8854,0.99988
2830.9062,0.99995
2830.9271,1.00001
2830.9479,1.00000
2830.9688,0.99994
2830.9896,0.99993
2831.0104,0.99991
2831.0312,0.99995
2831.0521,1.00005
2831.0729,0.99983
2831.0938,0.99996
2831.1146,0.99965
2831.1354,0.99980
2831.1562,0.99984
2831.1771,0.99989
2831.1979,0.99987
2831.2188,0.99981
2831.2396,0.99985
2831.2604,0.99973
2831.2812,0.99969
2831.3021,0.99974
2831.3229,0.99990
2831.3438,0.99990
2831.3646,0.99995
2831.3854,0.99967
2831.4062,0.99978
2831.4271,0.99967
2831.4479,0.99983
2831.4688,0.99984
2831.4896,0.99984
2831.5104,0.99972
2831.5312,0.99981
2831.5521,0.99983
2831.5729,0.99992
2831.5938,0.99998
2831.6146,1.00005
2831.6354,0.99989
2831.6562,0.99982
2831.6771,0.99969
2831.6979,0.99989
2831.7188,0.99946
2831.9479,1.00002
2831.9688,1.00009
2831.9896,1.00006
2832.0104,1.00012
2832.0312,1.00014
2832.0521,1.00001
2832.0729,1.00003
2832.0938,0.99979
2832.1146,0.99994
2832.1354,0.99993
2832.1562,1.00001
2832.1771,0.99991
2832.1979,0.99996
2832.2188,0.99995
2832.2396,1.00002
2832.2604,1.00012
2832.2812,1.00003
2832.3021,1.00011
2832.3229,1.00021
2832.3438,1.00004
2832.3646,1.00022
2832.3854,1.00004
2832.4062,1.00002
2832.4271,1.00031
2832.4479,0.99995
2832.4688,1.00009
2832.4896,1.00003
2832.5104,1.00010
2832.5312,1.00006
2832.5521,1.00017
2832.5729,1.00013
2832.5938,1.00013
2832.6146,1.00009
2832.6354,1.00021
2832.6562,1.00012
2832.6771,1.00005
2832.6979,1.00010
2832.7188,1.00015
2832.7396,1.00022
2832.7604,1.00009
2832.7812,1.00023
2832.8021,1.00010
2832.8229,1.00007
2832.8438,1.00021
2832.8646,1.00012
2832.8854,1.00010
2832.9062,1.00001
2832.9271,1.00029
2832.9479,1.00034
2832.9688,1.00019
2832.9896,1.00031
2833.0104,1.00022
2833.0312,1.00013
2833.0521,1.00026
2833.0729,1.00042
2833.0938,1.00007
2833.1146,1.00032
2833.1354,1.00014
2833.1562,1.00034
2833.1771,1.00027
2833.1979,1.00025
2833.2188,1.00019
2833.2396,1.00013
2833.2604,1.00019
2833.2812,1.00033
2833.3021,1.00009
2833.3229,1.00019
2833.3438,1.00038
2833.3646,1.00029
2833.3854,1.00014
2833.4062,1.00025
2833.4271,1.00017
2833.4479,1.00012
2833.4688,1.00008
2833.4896,1.00022
2833.5104,1.00020
2833.5312,1.00013
2833.5521,0.99995
2833.5729,1.00013
2833.5938,1.00014
2833.6146,1.00002
2833.6354,1.00024
2833.6562,1.00008
2833.6771,1.00029
2833.6979,1.00003
2833.7188,1.00007
2833.7396,1.00027
2833.7604,0.99995
2833.7812,0.99066
2833.8021,0.98509
2833.8229,0.98414
2833.8438,0.98418
2833.8646,0.98526
2833.8854,0.99363
2833.9062,1.00021
2833.9271,1.00006
2833.9479,1.00028
2833.9688,1.00022
2833.9896,1.00022
2834.0104,1.00000
2834.0312,1.00003
2834.0521,1.00020
2834.0729,0.99991
2834.0938,1.00010
2834.1146,1.00024
2834.1354,1.00017
2834.1562,1.00020
2834.1771,1.00014
2834.1979,1.00017
2834.2188,1.00014
2834.2396,1.00019
2834.2604,1.00009
2834.2812,1.00011
2834.3021,1.00019
2834.3229,1.00018
2834.3438,1.00010
2834.3646,1.00004
2834.3854,1.00020
2834.4062,1.00015
2834.4271,1.00017
2834.4479,1.00013
2834.4688,1.00029
2834.4896,1.00034
2834.5104,1.00013
2834.5312,1.00020
2834.5521,1.00021
2834.5729,1.00021
2834.5938,1.00025
2834.6146,1.00032
2835.7604,0.99998
2835.7812,1.00041
2835.8021,1.00041
2835.8229,1.00022
2835.8438,1.00034
2835.8646,1.00044
2835.8854,1.00036
2835.9062,1.00043
2835.9271,1.00043
2835.9479,1.00055
2835.9688,1.00041
2835.9896,1.00039
2836.0104,1.00033
2836.0312,1.00042
2836.0521,1.00028
2836.0729,1.00032
2836.0938,1.00018
2836.1146,1.00032
2836.1354,1.00022
2836.1562,1.00049
2836.1771,1.00021
2836.1979,1.00032
2836.2188,1.00037
2836.2396,1.00030
2836.2604,1.00047
2836.2812,1.00035
2836.3021,1.00045
2836.3229,1.00020
2836.3438,1.00015
2836.3646,1.00035
2836.3854,1.00047
2836.4062,1.00037
2836.4271,1.00033
2836.4479,1.00040
2836.4688,1.00058
2836.4896,1.00057
2836.5104,1.00044
2836.5312,1.00053
2836.5521,1.00054
2836.5729,1.00053
2836.5938,1.00048
2836.6146,1.00071
2836.6354,1.00052
2836.6562,1.00059
2836.6771,1.00051
2836.6979,1.00058
2836.7188,1.00064
2836.7396,1.00045
2836.7604,1.00080
2836.7812,1.00043
2836.8021,1.00067
2836.8229,1.00063
2836.8438,1.00047
2836.8646,1.00057
2836.8854,1.00077
2836.9062,1.00066
2836.9271,1.00045
2836.9479,1.00062
2836.9688,1.00077
2836.9896,1.00059
2837.0104,1.00049
2837.0312,1.00052
2837.0521,1.00049
2837.0729,1.00058
2837.0938,1.00048
2837.1146,1.00059
2837.1354,1.00052
2837.1562,1.00056
2837.1771,1.00061
2837.1979,1.00043
2837.2188,1.00044
2837.2396,1.00050
2837.2604,1.00040
2837.2812,1.00039
2837.3021,0.99373
2837.3229,0.98550
2837.3438,0.98446
2837.3646,0.98428
2837.3854,0.98540
2837.4062,0.99219
2837.4271,1.00027
2837.4479,1.00016
2837.4688,1.00025
2837.4896,1.00018
2837.5104,1.00013
2837.5312,1.00023
2837.5521,1.00006
2837.5729,1.00018
2837.5938,1.00018
2837.6146,1.00006
2837.6354,1.00021
2837.6562,1.00007
2837.6771,0.99989
2837.6979,0.99994
2837.7188,0.99990
2837.7396,0.99992
2837.7604,0.99998
2837.7812,0.99977
2837.8021,0.99984
2837.8229,0.99981
2837.8438,0.99976
2837.8646,0.99987
2837.8854,0.99976
2837.9062,0.99961
2837.9271,0.99982
2837.9479,0.99983
2837.9688,0.99982
2837.9896,0.99981
2838.0104,0.99976
2838.0312,0.99968
2838.0521,0.99956
2838.0729,0.99958
2838.0938,0.99954
2838.1146,0.99965
2838.1354,0.99969
2838.1562,0.99948
2838.1771,0.99973
2838.1979,0.99962
2838.2188,0.99953
2838.2396,0.99971
2838.2604,0.99963
2838.2812,0.99971
2838.3021,0.99945
2838.3229,0.99954
2838.3438,0.99961
2838.3646,0.99977
2838.3854,0.99950
2838.4062,0.99973
2838.4271,0.99934
2838.4479,0.99949
2838.4688,0.99943
2838.4896,0.99931
2838.5104,0.99911
2838.7396,0.99948
2838.7604,0.99974
2838.7812,0.99996
2838.8021,1.00012
2838.8229,1.00012
2838.8438,1.00000
2838.8646,1.00015
2838.8854,1.00012
2838.9062,1.00010
2838.9271,1.00010
2838.9479,1.00007
2838.9688,0.99998
2838.9896,1.00002
2839.0104,1.00001
2839.0312,1.00002
2839.0521,1.00015
2839.0729,1.00014
2839.0938,1.00019
2839.1146,1.00000
2839.1354,0.99991
2839.1562,0.99997
2839.1771,1.00005
2839.1979,1.00008
2839.2188,0.99997
2839.2396,1.00010
2839.2604,0.99997
2839.2812,1.00004
2839.3021,1.00011
2839.3229,1.00011
2839.3438,0.99988
2839.3646,0.99991
2839.3854,0.99997
2839.4062,1.00003
2839.4271,1.00007
2839.4479,1.00002
2839.4688,1.00002
2839.4896,1.00008
2839.5104,0.99997
2839.5312,1.00003
2839.5521,0.99995
2839.5729,0.99990
2839.5938,0.99990
2839.6146,0.99982
2839.6354,0.99968
2839.6562,0.99984
2839.6771,0.99976
2839.6979,0.99995
2839.7188,0.99979
2839.7396,1.00013
2839.7604,0.99986
2839.7812,0.99996
2839.8021,0.99994
2839.8229,1.00003
2839.8438,1.00001
2839.8646,1.00009
2839.8854,0.99994
2839.9062,1.00005
2839.9271,0.99992
2839.9479,1.00000
2839.9688,0.99986
2839.9896,0.99988
2840.0104,0.99990
2840.0312,0.99997
2840.0521,0.99984
2840.0729,0.99985
2840.0938,0.99982
2840.1146,0.99988
2840.1354,0.99982
2840.1562,0.99985
2840.1771,0.99984
2840.1979,1.00005
2840.2188,0.99983
2840.2396,0.99998
2840.2604,0.99991
2840.2812,0.99984
2840.3021,0.99988
2840.3229,0.99980
2840.3438,0.99986
2840.3646,0.99987
2840.3854,0.99998
2840.4062,0.99999
2840.4271,0.99997
2840.4479,1.00003
2840.4688,0.99972
2840.4896,0.99987
2840.5104,0.99986
2840.5312,0.99999
2840.5521,0.99989
2840.5729,0.99994
2840.5938,0.99995
2840.6146,1.00000
2840.6354,0.99996
2840.6562,0.99991
2840.6771,0.99989
2840.6979,1.00010
2840.7188,1.00000
2840.7396,0.99997
2840.7604,0.99989
2840.7812,1.00011
2840.8021,0.99979
2840.8229,0.99472
2840.8438,0.98530
2840.8646,0.98395
2840.8854,0.98399
2840.9062,0.98454
2840.9271,0.98943
2840.9479,0.99970
2840.9688,0.99995
2840.9896,0.99994
2841.0104,1.00003
2841.0312,0.99993
2841.0521,0.99992
2841.0729,0.99994
2841.0938,0.99971
2841.1146,1.00000
2841.1354,0.99982
2841.1562,0.99996
2841.1771,0.99985
2841.1979,0.99990
2841.2188,0.99994
2841.2396,0.99995
2841.2604,0.99998
2841.2812,0.99983
2841.3021,0.99990
2841.3229,0.99994
2841.3438,0.99981
2841.3646,1.00011
2841.3854,0.99983
2841.4062,0.99985
2841.4271,0.99989
2841.4479,1.00002
2841.4688,0.99999
2841.4896,0.99974
2841.5104,0.99977
2841.5312,0.99971
2841.5521,0.99982
2841.5729,1.00000
2841.5938,0.99996
2841.6146,0.99994
2841.6354,1.00006
2841.6562,0.99993
2841.6771,0.99979
2841.6979,0.99991
2841.7188,0.99991
2841.7396,1.00002
2841.7604,0.99982
2841.7812,0.99995
2841.8021,0.99988
2841.8229,0.99996
2841.8438,1.00000
2841.8646,0.99990
2841.8854,0.99980
2841.9062,0.99983
2841.9271,0.99969
2841.9479,0.99988
2841.9688,0.99989
2841.9896,0.99974
2842.0104,0.99995
2842.0312,0.99985
2842.0521,0.99999
2842.0729,0.99981
2842.0938,0.99999
2842.1146,0.99995
2842.1354,0.99994
2842.1562,0.99996
2842.1771,1.00005
2842.1979,0.99983
2842.2188,0.99982
2842.2396,1.00002
2842.2604,0.99989
2842.2812,0.99995
2842.3021,0.99981
2842.3229,0.99998
2842.3438,1.00005
2842.3646,1.00015
2842.3854,0.99993
2842.4062,0.99982
2842.4271,0.99992
2842.4479,0.99990
2842.4688,1.00007
2842.4896,1.00017
2842.5104,1.00004
2842.5312,1.00020
2842.5521,1.00006
2842.5729,1.00008
2842.5938,0.99992
2842.6146,0.99989
2842.6354,1.00000
2842.6562,1.00000
2842.6771,0.99988
2842.6979,1.00003
2842.7188,0.99994
2842.7396,0.99993
2842.7604,0.99998
2842.7812,0.99998
2842.8021,1.00016
2842.8229,0.99985
2842.8438,0.99998
2842.8646,0.99997
2842.8854,0.99993
2842.9062,1.00002
2842.9271,1.00018
2842.9479,0.99997
2842.9688,0.99998
2842.9896,0.99994
2843.0104,1.00002
2843.0312,0.99990
2843.0521,1.00004
2843.0729,1.00016
2843.0938,1.00009
2843.1146,1.00020
2843.1354,1.00006
2843.1562,1.00003
2843.1771,1.00011
2843.1979,1.00006
2843.2188,0.99998
2843.2396,1.00010
2843.2604,1.00009
2843.2812,1.00011
2843.3021,1.00011
2843.3229,1.00016
2843.3438,1.00013
2843.3646,1.00024
2843.3854,1.00012
2843.4062,1.00018
2843.4271,1.00024
2843.4479,1.00012
2843.4688,1.00005
2843.4896,1.00008
2843.5104,1.00007
2843.5312,1.00025
2843.5521,1.00026
2843.5729,1.00021
2843.5938,1.00016
2843.6146,1.00013
2843.6354,1.00031
2843.6562,1.00018
2843.6771,1.00016
2843.6979,1.00000
2843.7188,1.00013
2843.7396,1.00007
2843.7604,1.00009
2843.7812,1.00001
2843.8021,1.00009
2843.8229,1.00018
2843.8438,1.00021
2843.8646,1.00029
2843.8854,1.00012
2843.9062,1.00019
2843.9271,1.00015
2843.9479,1.00012
2843.9688,1.00009
2843.9896,1.00021
2844.0104,1.00019
2844.0312,1.00027
2844.0521,1.00028
2844.0729,1.00019
2844.0938,1.00027
2844.1146,1.00025
2844.1354,1.00040
2844.1562,1.00042
2844.1771,1.00029
2844.1979,1.00026
2844.2188,1.00017
2844.2396,1.00007
2844.2604,1.00016
2844.2812,1.00012
2844.3021,1.00034
2844.3229,1.00015
2844.3438,0.99738
2844.3646,0.98626
2844.3854,0.98449
2844.4062,0.98423
2844.4271,0.98477
2844.4479,0.98764
2844.4688,0.99900
2844.4896,1.00019
2844.5104,1.00009
2844.5312,1.00041
2844.5521,1.00023
2844.5729,1.00025
2844.5938,1.00008
2844.6146,1.00015
2844.6354,1.00015
2844.6562,1.00012
2844.6771,1.00013
2844.6979,1.00026
2844.7188,1.00022
2844.7396,1.00004
2844.7604,1.00005
2844.7812,1.00025
2844.8021,1.00023
2844.8229,1.00022
2844.8438,1.00004
2844.8646,1.00018
2844.8854,1.00023
2844.9062,1.00019
2844.9271,1.00021
2844.9479,1.00014
2844.9688,1.00000
2844.9896,1.00020
2845.0104,1.00009
2845.0312,1.00015
2845.0521,1.00010
2845.0729,1.00010
2845.0938,1.00014
2845.1146,1.00029
2845.1354,1.00023
2845.1562,1.00000
2845.1771,1.00020
2845.1979,1.00022
2845.2188,1.00004
2845.2396,1.00012
2845.2604,0.99999
2845.2812,1.00018
2845.3021,0.99989
2845.3229,0.99982
2845.3438,0.99991
2845.3646,1.00001
2845.3854,0.99983
2845.4062,1.00011
2845.4271,0.99986
2845.4479,1.00004
2845.4688,0.99996
2845.4896,0.99994
2845.5104,0.99989
2845.5312,0.99976
2845.5521,1.00002
2845.5729,0.99991
2845.5938,0.99985
2845.6146,0.99983
2845.6354,0.99985
2845.6562,0.99985
2845.6771,0.99994
2845.6979,0.99985
2845.7188,0.99983
2845.7396,0.99996
2845.7604,1.00001
2845.7812,0.99991
2845.8021,1.00013
2845.8229,1.00015
2845.8438,1.00005
2845.8646,0.99991
2846.1146,0.99978
2846.1354,0.99974
2846.1562,0.99989
2846.1771,0.99979
2846.1979,0.99976
2846.2188,0.99976
2846.2396,0.99965
2846.2604,0.99966
2846.2812,0.99975
2846.3021,0.99979
2846.3229,0.99976
2846.3438,0.99973
2846.3646,0.99992
2846.3854,0.99985
2846.4062,0.99985
2846.4271,0.99969
2846.4479,0.99984
2846.4688,0.99980
2846.4896,0.99992
2846.5104,0.99981
2846.5312,0.99987
2846.5521,0.99987
2846.5729,0.99994
2846.5938,0.99989
2846.6146,0.99985
2846.6354,0.99982
2846.6562,0.99993
2846.6771,0.99985
2846.6979,0.99986
2846.7188,0.99978
2846.7396,0.99994
2846.7604,0.99990
2846.7812,0.99987
2846.8021,0.99980
2846.8229,0.99996
2846.8438,0.99984
2846.8646,0.99987
2846.8854,1.00003
2846.9062,1.00008
2846.9271,1.00004
2846.9479,0.99985
2846.9688,1.00005
2846.9896,1.00001
2847.0104,1.00002
2847.0312,1.00006
2847.0521,1.00010
2847.0729,1.00005
2847.0938,0.99994
2847.1146,1.00009
2847.1354,0.99999
2847.1562,1.00008
2847.1771,1.00004
2847.1979,0.99998
2847.2188,0.99991
2847.2396,1.00020
2847.2604,0.99981
2847.2812,1.00008
2847.3021,1.00008
2847.3229,1.00000
2847.3438,1.00015
2847.3646,1.00017
2847.3854,1.00016
2847.4062,1.00000
2847.4271,1.00013
2847.4479,1.00004
2847.4688,1.00011
2847.4896,1.00016
2847.5104,1.00014
2847.5312,1.00008
2847.5521,1.00002
2847.5729,1.00002
2847.5938,1.00025
2847.6146,1.00000
2847.6354,1.00029
2847.6562,1.00019
2847.6771,1.00019
2847.6979,1.00018
2847.7188,1.00016
2847.7396,1.00005
2847.7604,1.00021
2847.7812,1.00021
2847.8021,1.00008
2847.8229,1.00000
2847.8438,1.00012
2847.8646,0.99876
2847.8854,0.98754
2847.9062,0.98458
2847.9271,0.98402
2847.9479,0.98433
2847.9688,0.98641
2847.9896,0.99733
2848.0104,1.00018
2848.0312,1.00013
2848.0521,1.00033
2848.0729,1.00018
2848.0938,1.00001
2848.1146,1.00006
2848.1354,1.00015
2848.1562,1.00023
2848.1771,0.99997
2848.1979,1.00000
2848.2188,1.00010
2848.2396,1.00003
2848.2604,1.00003
2848.2812,1.00006
2848.3021,0.99995
2848.3229,1.00007
2848.3438,1.00003
2848.3646,1.00015
2848.3854,1.00000
2848.4062,1.00018
2848.4271,1.00012
2848.4479,1.00007
2848.4688,1.00006
2848.4896,1.00002
2848.5104,0.99996
2848.5312,1.00009
2848.5521,0.99997
2848.5729,1.00010
2848.5938,1.00007
2848.6146,1.00018
2848.6354,1.00010
2848.6562,0.99986
2848.6771,1.00001
2848.6979,1.00001
2848.7188,0.99994
2848.7396,1.00006
2848.7604,0.99997
2848.7812,1.00001
2848.8021,0.99998
2848.8229,0.99999
2848.8438,0.99999
2848.8646,1.00016
2848.8854,0.99987
2848.9062,0.99998
2848.9271,0.99977
2848.9479,0.99999
2848.9688,0.99981
2848.9896,0.99978
2849.0104,0.99990
2849.0312,1.00001
2849.0521,0.99996
2849.0729,0.99997
2849.0938,0.99995
2849.1146,0.99985
2849.1354,0.99975
2849.1562,0.99983
2849.1771,0.99986
2849.1979,0.99966
2849.2188,0.99983
2849.2396,0.99972
2849.2604,0.99975
2849.2812,0.99976
2849.3021,0.99989
2849.3229,0.99978
2849.3438,0.99977
2849.3646,1.00008
2849.3854,0.99988
2849.4062,0.99997
2849.4271,0.99989
2849.4479,0.99978
2849.4688,0.99988
2849.4896,0.99975
2849.5104,0.99976
2849.5312,0.99980
2849.5521,0.99969
2849.5729,0.99971
2849.5938,0.99990
2849.6146,0.99976
2849.6354,0.99986
2849.6562,0.99976
2849.6771,0.99953
2849.6979,0.99963
2849.7188,0.99978
2849.7396,1.00001
2849.7604,0.99982
2849.7812,0.99991
2849.8021,0.99989
2849.8229,0.99987
2849.8438,0.99990
2849.8646,0.99980
2849.8854,0.99984
2849.9062,0.99995
2849.9271,0.99994
2849.9479,0.99988
2849.9688,0.99985
2849.9896,0.99975
2850.0104,0.99987
2850.0312,1.00012
2850.0521,0.99983
2850.0729,0.99995
2850.0938,0.99987
2850.1146,0.99978
2850.1354,1.00000
2850.1562,1.00000
2850.1771,0.99996
2850.1979,0.99988
2850.2188,1.00005
2850.2396,0.99996
2850.2604,0.99986
2850.2812,0.99998
2850.3021,0.99986
2850.3229,0.99978
2850.3438,0.99996
2850.3646,0.99995
2850.3854,0.99983
2850.4062,0.99976
2850.4271,1.00001
2850.4479,0.99998
2850.4688,0.99993
2850.4896,1.00014
2850.5104,1.00001
2850.5312,0.99994
2850.5521,0.99995
2850.5729,1.00003
2850.5938,1.00004
2850.6146,1.00019
2850.6354,0.99996
2850.6562,0.99990
2850.6771,1.00004
2850.6979,1.00011
2850.7188,1.00000
2850.7396,1.00012
2850.7604,1.00001
2850.7812,1.00007
2850.8021,1.00028
2850.8229,1.00007
2850.8438,1.00013
2850.8646,0.99997
2850.8854,1.00018
2850.9062,1.00030
2850.9271,1.00025
2850.9479,1.00011
2850.9688,1.00028
2850.9896,1.00013
2851.0104,1.00004
2851.0312,0.99999
2851.0521,1.00015
2851.0729,1.00025
2851.0938,1.00033
2851.1146,1.00010
2851.1354,1.00030
2851.1562,1.00030
2851.1771,1.00015
2851.1979,1.00003
2851.2188,1.00020
2851.2396,1.00010
2851.2604,1.00017
2851.2812,1.00032
2851.3021,1.00018
2851.3229,1.00024
2851.3438,1.00012
2851.3646,1.00026
2851.3854,0.99988
2851.4062,0.98956
2851.4271,0.98491
2851.4479,0.98424
2851.4688,0.98452
2851.4896,0.98580
2851.5104,0.99526
2851.5312,1.00042
2851.5521,1.00021
2851.5729,1.00031
2851.5938,1.00039
2851.6146,1.00023
2851.6354,1.00012
2851.6562,1.00031
2851.6771,1.00023
2851.6979,1.00028
2851.7188,1.00018
2851.7396,1.00021
2851.7604,1.00027
2851.7812,1.00020
2851.8021,1.00026
2851.8229,1.00016
2851.8438,1.00042
2851.8646,1.00033
2851.8854,1.00037
2851.9062,1.00030
2851.9271,1.00032
2851.9479,1.00029
2851.9688,1.00012
2851.9896,1.00037
2852.0104,1.00019
2852.0312,1.00017
2852.0521,0.99998
2852.0729,1.00009
2852.0938,1.00003
2852.1146,1.00019
2852.1354,1.00006
2852.1562,0.99998
2852.1771,1.00007
2852.1979,0.99988
2852.2188,1.00009
2852.2396,1.00001
2852.2604,0.99999
2852.2812,1.00010
2852.3021,0.99987
2852.3229,0.99975
2852.3438,0.99984
2852.3646,0.99993
2852.3854,0.99980
2852.4062,0.99998
2852.4271,0.99983
2852.4479,0.99976
2852.4688,0.99997
2852.4896,0.99975
2852.5104,0.99976
2852.5312,1.00002
2852.5521,0.99987
2852.5729,0.99981
2852.5938,0.99983
2852.6146,0.99980
2852.6354,0.99969
2852.6562,0.99966
2852.6771,0.99992
2852.6979,0.99974
2852.7188,0.99991
2852.7396,0.99957
2852.7604,0.99976
2852.7812,0.99982
2852.8021,0.99982
2852.8229,0.99981
2852.8438,0.99980
2852.8646,0.99968
2852.8854,0.99977
2852.9062,0.99979
2852.9271,0.99973
2852.9479,0.99967
2852.9688,0.99964
2852.9896,0.99962
2853.0104,0.99962
2853.0312,0.99982
2853.0521,0.99967
2853.0729,0.99978
2853.0938,0.99966
2853.1146,0.99952
2853.1354,0.99948
