g,bp_rp,plx,plx_err,zpt
8.222,1.804,1.2177,0.0229,-0.0365
8.859,1.637,1.2087,0.0186,-0.0363
9.095,1.483,1.1868,0.0166,-0.0356
9.234,1.487,1.2030,0.0223,-0.0357
9.258,1.519,1.2075,0.0175,-0.0359
9.409,1.459,1.2262,0.0177,-0.0357
9.922,1.401,1.1977,0.0165,-0.0356
10.008,-0.102,1.0070,0.0372,-0.0287
10.148,1.228,1.2108,0.0179,-0.0348
10.170,1.237,1.1925,0.0180,-0.0349
10.206,1.227,1.2194,0.0170,-0.0348
10.210,1.234,1.1925,0.0187,-0.0349
10.223,1.239,1.2120,0.0164,-0.0349
10.235,1.247,1.2141,0.0184,-0.0360
10.237,1.258,1.2137,0.0173,-0.0350
10.513,1.101,1.2122,0.0262,-0.0340
10.587,1.293,1.2051,0.0143,-0.0352
10.640,0.140,1.2090,0.0318,-0.0269
10.846,1.235,1.2008,0.0141,-0.0345
10.867,0.276,1.1162,0.0470,-0.0313
10.879,0.340,1.2011,0.0330,-0.0350
10.931,0.123,1.1964,0.0404,-0.0352
10.960,1.225,1.2305,0.0198,-0.0333
10.972,1.225,1.2484,0.0195,-0.0333
10.977,0.583,1.2879,0.0420,-0.0361
11.032,0.284,1.1630,0.0226,-0.0404
11.147,1.215,1.2146,0.0215,-0.0317
11.221,1.199,1.2826,0.0254,-0.0317
11.241,1.059,1.1420,0.0434,-0.0346
11.250,0.147,1.1499,0.0325,-0.0538
11.260,0.394,1.1180,0.0464,-0.0487
11.352,1.199,1.2281,0.0253,-0.0326
11.785,1.159,1.2623,0.0264,-0.0366
11.806,1.167,1.3983,0.0275,-0.0362
11.829,0.764,1.2002,0.0842,-0.0466
11.871,1.157,1.1981,0.0204,-0.0332
12.009,1.152,1.1634,0.0174,-0.0264
12.043,1.139,1.1871,0.0151,-0.0250
12.105,0.738,1.2280,0.0161,-0.0326
12.130,1.132,1.2305,0.0168,-0.0207
12.153,0.849,1.1135,0.0237,-0.0284
12.183,0.338,1.2163,0.0313,-0.0392
12.211,0.922,1.0780,0.0700,-0.0227
12.240,1.125,1.1942,0.0144,-0.0178
12.249,1.113,1.2319,0.0165,-0.0182
12.279,1.153,1.1841,0.0159,-0.0176
12.357,0.998,1.2308,0.0151,-0.0222
12.359,0.831,1.2306,0.0358,-0.0261
12.390,0.770,1.1764,0.0146,-0.0278
12.406,0.763,1.2004,0.0158,-0.0280
12.407,0.894,1.1571,0.0187,-0.0251
12.431,0.781,1.1766,0.0143,-0.0277
12.437,0.762,1.2061,0.0156,-0.0282
12.454,0.601,1.2606,0.0166,-0.0321
12.475,0.772,1.2375,0.0157,-0.0282
12.476,0.752,1.1783,0.0188,-0.0286
12.478,0.768,1.2488,0.0155,-0.0283
12.486,0.760,1.0854,0.0229,-0.0285
12.487,0.785,1.2103,0.0144,-0.0279
12.491,1.088,1.2207,0.0157,-0.0213
12.493,0.782,1.1746,0.0153,-0.0280
12.498,0.848,1.1664,0.0138,-0.0265
12.498,0.852,1.1798,0.0162,-0.0265
12.498,0.865,1.2384,0.0170,-0.0261
12.505,0.787,1.2398,0.0155,-0.0280
12.506,0.791,1.2547,0.0384,-0.0279
12.513,0.883,1.1723,0.0155,-0.0259
12.520,0.757,1.1984,0.0136,-0.0287
12.537,0.740,1.2211,0.0183,-0.0292
12.538,0.749,1.1930,0.0143,-0.0290
12.539,0.764,1.2022,0.0145,-0.0287
12.542,0.767,1.2021,0.0148,-0.0286
12.545,0.914,1.2207,0.0224,-0.0255
12.545,0.663,1.0971,0.0233,-0.0310
12.549,0.735,1.1938,0.0152,-0.0294
12.552,0.987,1.3594,0.0207,-0.0239
12.557,0.739,1.1799,0.0133,-0.0293
12.559,0.766,1.1800,0.0197,-0.0287
12.561,0.737,1.1355,0.0172,-0.0294
12.564,0.741,1.1833,0.0170,-0.0293
12.569,0.736,1.1720,0.0148,-0.0294
12.572,0.971,1.4357,0.1434,-0.0244
12.573,0.738,1.1642,0.0163,-0.0294
12.577,0.749,1.2059,0.0148,-0.0292
12.578,0.660,1.2221,0.0174,-0.0311
12.582,0.736,1.2092,0.0174,-0.0295
12.590,0.908,1.2188,0.0171,-0.0259
12.605,0.740,0.4684,0.2964,-0.0296
12.606,0.748,1.1630,0.0164,-0.0294
12.606,0.743,1.2401,0.0241,-0.0295
12.608,0.911,1.2404,0.0154,-0.0260
12.610,0.725,1.2039,0.0142,-0.0299
12.614,0.742,1.2305,0.0164,-0.0295
12.615,1.116,1.2267,0.0140,-0.0220
12.620,0.724,1.1711,0.0155,-0.0300
12.624,0.729,1.1998,0.0217,-0.0299
12.632,0.724,1.1560,0.0164,-0.0300
12.634,0.726,1.1535,0.0150,-0.0299
12.646,0.740,1.2347,0.0172,-0.0298
12.647,0.757,1.2269,0.0134,-0.0295
12.647,0.741,1.3613,0.0419,-0.0298
12.653,0.733,1.1479,0.0153,-0.0299
12.655,1.107,1.2676,0.0173,-0.0226
12.662,0.747,1.1707,0.0154,-0.0297
12.668,0.659,1.2000,0.0169,-0.0317
12.670,1.085,1.2203,0.0157,-0.0232
12.670,0.754,1.2246,0.0176,-0.0296
12.675,0.703,1.1744,0.0156,-0.0307
12.679,0.745,1.1858,0.0163,-0.0298
12.682,0.735,1.1806,0.0175,-0.0300
12.684,0.707,1.2161,0.0183,-0.0306
12.687,0.764,1.1344,0.0244,-0.0295
12.689,1.033,1.2369,0.0177,-0.0243
12.695,0.968,1.2269,0.0187,-0.0256
12.700,0.707,1.2004,0.0159,-0.0307
12.716,0.705,1.1889,0.0168,-0.0308
12.723,0.708,1.1942,0.0168,-0.0307
12.727,1.072,1.1951,0.0184,-0.0240
12.729,0.705,1.1747,0.0157,-0.0308
12.771,1.014,1.1578,0.0156,-0.0254
12.782,0.606,1.2058,0.0184,-0.0328
12.782,0.696,1.2252,0.0167,-0.0312
12.798,1.030,1.1843,0.0175,-0.0254
12.827,0.723,1.2234,0.0145,-0.0310
12.835,0.779,1.2151,0.0175,-0.0300
12.901,0.778,1.1342,0.0206,-0.0304
12.934,0.720,1.2202,0.0196,-0.0335
12.938,0.729,1.2283,0.0223,-0.0336
12.938,0.737,1.1935,0.0227,-0.0335
12.959,0.717,1.1831,0.0218,-0.0351
12.962,0.753,1.1913,0.0260,-0.0349
12.964,0.755,1.1704,0.0199,-0.0350
12.972,0.743,1.1617,0.0218,-0.0356
12.992,0.755,1.1757,0.0568,-0.0370
13.010,0.743,1.2368,0.0233,-0.0382
13.011,0.739,1.1921,0.0195,-0.0383
13.015,0.742,1.1773,0.0180,-0.0385
13.015,0.749,1.2039,0.0212,-0.0385
13.021,0.754,1.1729,0.0199,-0.0389
13.032,0.744,1.2145,0.0244,-0.0396
13.040,0.744,1.2388,0.0176,-0.0402
13.042,0.753,1.1855,0.0171,-0.0403
13.048,0.747,1.2099,0.0180,-0.0407
13.050,0.758,1.3895,0.0388,-0.0408
13.051,0.739,1.2338,0.0173,-0.0409
13.055,0.774,1.2182,0.0188,-0.0410
13.056,0.742,1.1073,0.0314,-0.0413
13.060,0.760,1.2043,0.0233,-0.0414
13.063,0.734,1.1323,0.0170,-0.0418
13.065,0.754,1.1884,0.0158,-0.0417
13.070,0.732,1.1976,0.0167,-0.0422
13.081,0.765,1.1834,0.0166,-0.0428
13.085,0.759,1.2394,0.0296,-0.0431
13.091,0.746,1.1862,0.0161,-0.0435
13.098,0.741,1.2253,0.0143,-0.0440
13.110,0.749,1.1690,0.0204,-0.0441
13.116,0.801,-0.0767,0.1592,-0.0440
13.120,0.765,1.1905,0.0162,-0.0441
13.128,0.735,1.2273,0.0139,-0.0441
13.129,1.236,1.1937,0.0165,-0.0434
13.133,0.758,1.2093,0.0153,-0.0441
13.140,0.733,1.1988,0.0153,-0.0442
13.141,0.732,1.1894,0.0166,-0.0442
13.142,0.766,1.2057,0.0145,-0.0441
13.148,0.730,1.1825,0.0150,-0.0442
13.149,0.747,1.1995,0.0175,-0.0441
13.150,0.764,1.2277,0.0397,-0.0441
13.151,0.746,1.2010,0.0161,-0.0441
13.153,0.627,1.2300,0.0191,-0.0443
13.157,0.789,1.2248,0.0217,-0.0441
13.161,0.786,1.1942,0.0157,-0.0441
13.170,0.726,1.2086,0.0164,-0.0442
13.174,0.794,1.3240,0.0483,-0.0441
13.177,0.658,1.1617,0.0161,-0.0443
13.185,0.780,1.1821,0.0156,-0.0441
13.205,0.711,1.2162,0.0150,-0.0442
13.207,0.734,1.1958,0.0145,-0.0441
13.211,0.759,1.2034,0.0161,-0.0441
13.219,0.746,1.2249,0.0175,-0.0441
13.222,0.727,1.2292,0.0174,-0.0442
13.222,0.737,1.2252,0.0178,-0.0441
13.224,0.718,1.1912,0.0159,-0.0442
13.231,0.752,1.2135,0.0163,-0.0441
13.238,0.750,1.1745,0.0170,-0.0441
13.238,0.739,1.1790,0.0155,-0.0441
13.242,0.731,1.1894,0.0170,-0.0441
13.249,0.735,1.1840,0.0174,-0.0441
13.252,0.741,0.8835,0.0230,-0.0441
13.264,0.740,1.2011,0.0184,-0.0441
13.277,0.737,1.1787,0.0292,-0.0441
13.278,0.783,1.1730,0.0176,-0.0441
13.278,0.748,1.1773,0.0170,-0.0441
13.283,0.743,1.2003,0.0172,-0.0441
13.283,0.733,1.1629,0.0162,-0.0441
13.284,0.727,1.2878,0.0193,-0.0442
13.292,0.746,1.3541,0.0241,-0.0441
13.297,0.792,1.2594,0.0171,-0.0440
13.299,0.741,1.1998,0.0167,-0.0441
13.302,0.767,1.2169,0.0182,-0.0441
13.311,0.749,1.1995,0.0145,-0.0441
13.319,0.648,1.2098,0.0205,-0.0443
13.319,0.858,1.2219,0.0169,-0.0440
13.323,0.745,1.1794,0.0163,-0.0441
13.336,0.755,1.1923,0.0170,-0.0441
13.337,0.789,1.1025,0.0253,-0.0441
13.349,0.737,1.1961,0.0178,-0.0441
13.350,0.810,1.9066,0.1283,-0.0440
13.351,0.728,1.2671,0.0210,-0.0442
13.358,0.725,1.1807,0.0162,-0.0442
13.359,0.747,1.0191,0.0413,-0.0441
13.359,0.773,1.1634,0.0189,-0.0441
13.367,0.779,1.1738,0.0177,-0.0441
13.381,0.736,1.1858,0.0149,-0.0441
13.385,1.279,1.1986,0.0164,-0.0434
13.389,0.718,1.1739,0.0182,-0.0442
13.392,0.730,1.1932,0.0169,-0.0441
13.397,0.750,1.2744,0.0161,-0.0441
13.402,0.778,1.2006,0.0169,-0.0441
13.405,0.744,1.1927,0.0163,-0.0441
13.410,0.744,1.1889,0.0172,-0.0441
13.410,0.734,1.2034,0.0180,-0.0441
13.417,0.719,1.3325,0.0226,-0.0442
13.419,0.764,1.0522,0.0416,-0.0441
13.429,0.734,1.2380,0.0176,-0.0441
13.432,0.747,1.1910,0.0181,-0.0441
13.448,0.730,1.2046,0.0154,-0.0441
13.448,0.811,1.1997,0.0179,-0.0440
13.460,0.775,1.1926,0.0170,-0.0441
13.462,0.726,1.1989,0.0188,-0.0441
13.463,0.753,1.1957,0.0188,-0.0441
13.469,0.728,1.1608,0.0179,-0.0441
13.476,0.812,1.1830,0.0163,-0.0440
13.486,0.733,1.1439,0.0186,-0.0441
13.487,0.749,1.2468,0.0195,-0.0441
13.498,0.727,1.1745,0.0174,-0.0441
13.500,0.804,1.2352,0.0170,-0.0440
13.502,0.742,1.2290,0.0165,-0.0441
13.508,0.741,1.1649,0.0197,-0.0441
13.519,0.750,1.1796,0.0183,-0.0441
13.522,0.743,1.1855,0.0168,-0.0441
13.524,0.731,1.2185,0.0183,-0.0441
13.525,0.734,1.1670,0.0168,-0.0441
13.536,0.764,1.2134,0.0184,-0.0441
13.536,0.739,1.1886,0.0176,-0.0441
13.543,0.738,1.2160,0.0169,-0.0441
13.544,0.750,1.1510,0.0214,-0.0441
13.550,0.740,1.1804,0.0175,-0.0441
13.556,0.823,1.1971,0.0184,-0.0440
13.557,0.724,1.1513,0.0190,-0.0441
13.559,0.747,1.2049,0.0169,-0.0441
13.560,0.746,1.1904,0.0160,-0.0441
13.561,0.744,1.2039,0.0167,-0.0441
13.562,0.784,1.2052,0.0184,-0.0441
13.567,0.748,1.2154,0.0194,-0.0441
13.567,0.763,1.1946,0.0190,-0.0441
13.568,0.741,1.1972,0.0167,-0.0441
13.576,0.740,1.2167,0.0189,-0.0441
13.581,0.742,1.1609,0.0181,-0.0441
13.591,0.737,1.1972,0.0166,-0.0441
13.604,0.746,1.1449,0.0182,-0.0441
13.612,0.754,1.2146,0.0186,-0.0441
13.618,0.749,1.1850,0.0175,-0.0441
13.629,0.851,1.1713,0.0192,-0.0440
13.631,0.774,1.1138,0.0190,-0.0441
13.631,0.762,1.2024,0.0208,-0.0441
13.638,0.763,1.1681,0.0166,-0.0441
13.643,0.746,1.2043,0.0187,-0.0441
13.646,0.741,1.1862,0.0172,-0.0441
13.646,0.766,1.3302,0.0218,-0.0441
13.651,0.761,1.2108,0.0191,-0.0441
13.653,0.812,1.1345,0.0233,-0.0440
13.657,0.751,1.1832,0.0182,-0.0441
13.696,0.755,1.1906,0.0182,-0.0441
13.700,0.755,1.1476,0.0259,-0.0441
13.701,0.756,1.2103,0.0206,-0.0441
13.702,0.743,1.1947,0.0174,-0.0441
13.711,0.752,1.2662,0.0194,-0.0441
13.717,0.755,1.2115,0.0196,-0.0441
13.720,0.752,1.1786,0.0197,-0.0441
13.733,0.768,1.1613,0.0198,-0.0441
13.733,0.850,1.1989,0.0206,-0.0440
13.745,0.819,1.1857,0.0205,-0.0440
13.754,0.756,1.2151,0.0208,-0.0441
13.757,0.761,1.2303,0.0246,-0.0441
13.758,0.771,1.1728,0.0190,-0.0441
13.771,0.750,1.2287,0.0193,-0.0441
13.776,0.774,1.2149,0.0204,-0.0441
13.777,0.765,1.1548,0.0213,-0.0441
13.781,0.768,1.2136,0.0172,-0.0441
13.801,0.761,1.1835,0.0201,-0.0441
13.816,0.771,1.2217,0.0212,-0.0441
13.821,0.765,1.1604,0.0182,-0.0441
13.827,0.771,1.1953,0.0202,-0.0441
13.848,0.815,1.1867,0.0201,-0.0440
13.851,0.801,1.1991,0.0193,-0.0440
13.852,0.783,1.1901,0.0190,-0.0440
13.862,0.887,1.1832,0.0204,-0.0439
13.863,0.774,1.2162,0.0202,-0.0441
13.870,0.855,1.0339,0.0212,-0.0440
13.872,0.868,1.1777,0.0200,-0.0439
13.873,0.877,1.2060,0.0215,-0.0439
13.884,0.768,1.2195,0.0208,-0.0441
13.885,0.847,1.1798,0.0519,-0.0440
13.885,0.775,1.2032,0.0195,-0.0441
13.891,0.767,1.1706,0.0194,-0.0441
13.898,0.789,1.2149,0.0246,-0.0440
13.909,0.770,1.1886,0.0201,-0.0441
13.926,0.888,1.1354,0.0243,-0.0439
13.943,0.797,1.2055,0.0204,-0.0440
13.944,0.805,1.2159,0.0210,-0.0440
13.951,0.876,1.2017,0.0195,-0.0439
13.952,0.793,1.1722,0.0190,-0.0440
13.959,0.786,1.2115,0.0199,-0.0440
13.967,0.889,1.2136,0.0207,-0.0439
13.971,0.760,0.9546,0.0516,-0.0441
13.976,0.784,1.1120,0.0205,-0.0441
13.979,0.777,1.1443,0.0215,-0.0441
13.979,0.786,1.1864,0.0191,-0.0440
13.981,0.782,1.2304,0.0199,-0.0441
13.984,0.898,1.2151,0.0215,-0.0439
13.985,0.899,1.2099,0.0229,-0.0439
13.987,0.781,1.1803,0.0219,-0.0441
13.992,0.769,1.2251,0.0213,-0.0441
14.000,0.785,1.2219,0.0209,-0.0441
14.002,0.794,1.1853,0.0196,-0.0440
14.004,0.803,1.2097,0.0198,-0.0440
14.005,0.830,1.2032,0.0208,-0.0440
14.006,0.788,1.2298,0.0197,-0.0440
14.008,0.853,1.1896,0.0252,-0.0440
14.013,0.798,1.2057,0.0202,-0.0440
14.015,0.798,1.1804,0.0202,-0.0440
14.015,0.791,1.2001,0.0211,-0.0440
14.019,0.806,1.2059,0.0208,-0.0440
14.022,0.790,1.2201,0.0190,-0.0440
14.022,0.811,1.2176,0.0196,-0.0440
14.029,0.796,1.1869,0.0208,-0.0440
14.033,0.921,1.1957,0.0216,-0.0439
14.041,0.794,1.1584,0.0204,-0.0440
14.044,0.811,1.1636,0.0215,-0.0440
14.048,0.763,1.1772,0.0203,-0.0441
14.051,0.812,1.2028,0.0199,-0.0440
14.055,1.070,1.1503,0.0505,-0.0437
14.074,0.794,1.1908,0.0210,-0.0440
14.075,0.825,1.1872,0.0216,-0.0440
14.087,0.777,1.1917,0.0464,-0.0441
14.116,0.971,1.1840,0.0252,-0.0438
14.131,0.849,1.1113,0.0301,-0.0440
14.145,0.868,1.1932,0.0239,-0.0440
14.147,0.826,1.1560,0.0232,-0.0440
14.183,0.945,1.1087,0.0262,-0.0439
14.190,0.799,1.1703,0.0197,-0.0440
14.196,0.832,1.2133,0.0223,-0.0440
14.207,0.818,1.1963,0.0219,-0.0440
14.223,0.835,1.1764,0.0213,-0.0440
14.223,0.814,1.1915,0.0250,-0.0440
14.227,1.010,1.1929,0.0244,-0.0438
14.231,1.151,1.1462,0.0234,-0.0437
14.234,0.842,1.2118,0.0231,-0.0440
14.259,0.839,1.1796,0.0232,-0.0440
14.284,0.848,1.2033,0.0231,-0.0440
14.285,0.842,1.2197,0.0213,-0.0440
14.301,0.827,1.1912,0.0262,-0.0440
14.304,0.837,1.2116,0.0238,-0.0440
14.304,0.944,1.1141,0.0595,-0.0439
14.309,0.828,1.2623,0.0296,-0.0440
14.315,0.979,1.2188,0.0272,-0.0438
14.330,0.820,1.1828,0.0239,-0.0440
14.331,0.839,1.2191,0.0241,-0.0440
14.333,0.832,1.1761,0.0242,-0.0440
14.333,0.822,1.1921,0.0208,-0.0440
14.338,0.830,1.1684,0.0214,-0.0440
14.341,0.839,1.2261,0.0247,-0.0440
14.345,0.827,1.1845,0.0217,-0.0440
14.350,0.832,1.1763,0.0235,-0.0440
14.353,0.846,1.1410,0.0244,-0.0440
14.358,0.886,1.2434,0.0259,-0.0439
14.370,0.859,1.2366,0.0270,-0.0440
14.371,0.845,1.2168,0.0236,-0.0440
14.371,0.978,1.2036,0.0257,-0.0438
14.380,0.864,1.2073,0.0232,-0.0440
14.388,0.837,1.1926,0.0241,-0.0440
14.391,0.845,1.1616,0.0226,-0.0440
14.408,0.894,1.1279,0.0235,-0.0439
14.413,0.867,1.1819,0.0257,-0.0439
14.415,1.002,1.2042,0.0239,-0.0438
14.420,0.845,1.1979,0.0258,-0.0440
14.423,0.985,1.2024,0.0270,-0.0438
14.424,0.991,1.1764,0.0293,-0.0438
14.425,0.832,1.5007,0.0504,-0.0440
14.427,0.996,1.1961,0.0248,-0.0438
14.435,0.856,1.1646,0.0227,-0.0440
14.442,0.850,1.1970,0.0211,-0.0440
14.446,0.871,1.1558,0.0239,-0.0440
14.453,0.856,1.1736,0.0242,-0.0440
14.454,0.851,1.1773,0.0265,-0.0440
14.457,1.003,1.1871,0.0248,-0.0438
14.462,1.000,1.1766,0.0257,-0.0438
14.466,0.852,1.2489,0.0254,-0.0440
14.470,1.008,1.2058,0.0230,-0.0438
14.479,0.874,1.2340,0.0330,-0.0429
14.480,0.867,1.2136,0.0239,-0.0440
14.484,0.866,1.1859,0.0238,-0.0439
14.496,0.866,1.2046,0.0261,-0.0440
14.502,0.869,1.2250,0.0246,-0.0440
14.536,0.876,1.1526,0.0247,-0.0439
14.542,0.882,1.1790,0.0284,-0.0439
14.550,0.881,1.2875,0.0247,-0.0439
14.558,0.906,1.1721,0.0233,-0.0439
14.573,0.881,1.1797,0.0255,-0.0439
14.590,0.974,1.2025,0.0265,-0.0439
14.595,0.945,1.1772,0.0293,-0.0439
14.595,0.932,1.1974,0.0318,-0.0439
14.597,0.904,1.3050,0.0338,-0.0439
14.600,1.033,1.2769,0.0259,-0.0438
14.607,0.895,1.1298,0.0256,-0.0439
14.613,0.883,1.1662,0.0271,-0.0439
14.620,0.886,1.2177,0.0243,-0.0439
14.627,0.879,1.2665,0.0251,-0.0440
14.631,0.878,1.1471,0.0295,-0.0439
14.646,0.892,1.1986,0.0258,-0.0439
14.673,0.966,1.1231,0.0275,-0.0439
14.690,0.894,1.2218,0.0286,-0.0439
14.695,0.905,1.1997,0.0290,-0.0439
14.706,0.927,1.2323,0.0263,-0.0439
14.706,0.956,1.2309,0.0271,-0.0439
14.712,1.058,1.1092,0.0304,-0.0438
14.714,0.908,1.1672,0.0270,-0.0439
14.734,1.099,1.1992,0.0286,-0.0438
14.741,0.927,1.2345,0.0284,-0.0439
14.743,0.929,1.1964,0.0251,-0.0439
14.750,0.980,1.2173,0.0277,-0.0439
14.753,0.913,1.1907,0.0306,-0.0426
14.763,1.004,1.1969,0.0282,-0.0438
14.766,0.919,1.1990,0.0274,-0.0439
14.771,1.001,1.3519,0.0325,-0.0439
14.771,1.026,1.1751,0.0269,-0.0438
14.775,0.917,1.1724,0.0269,-0.0439
14.777,0.929,1.4364,0.0314,-0.0439
14.777,0.916,1.1750,0.0302,-0.0439
14.781,0.918,1.1816,0.0263,-0.0426
14.786,0.920,1.1625,0.0297,-0.0439
14.791,1.020,1.3745,0.0344,-0.0438
14.792,0.919,1.2414,0.0272,-0.0439
14.796,0.930,1.1673,0.0295,-0.0439
14.820,1.061,1.2520,0.0279,-0.0438
14.823,0.922,1.1696,0.0287,-0.0439
14.830,0.946,1.2125,0.0279,-0.0439
14.832,0.940,1.1259,0.0285,-0.0439
14.834,0.936,1.2123,0.0265,-0.0439
14.836,0.930,1.2510,0.0278,-0.0439
14.843,0.927,1.1810,0.0278,-0.0439
14.852,0.936,1.2603,0.0265,-0.0439
14.853,0.950,1.1614,0.0300,-0.0439
14.856,0.931,1.2124,0.0257,-0.0439
14.856,0.927,1.2251,0.0257,-0.0439
14.857,0.947,1.2248,0.0282,-0.0439
14.857,0.936,1.2058,0.0294,-0.0439
14.867,0.944,1.1647,0.0285,-0.0439
14.882,0.955,1.2840,0.0283,-0.0439
14.887,0.950,1.1977,0.0351,-0.0439
14.912,0.978,1.0794,0.0498,-0.0439
14.919,0.921,1.0902,0.0301,-0.0439
14.922,1.034,1.1504,0.0290,-0.0438
14.933,0.958,1.2058,0.0281,-0.0439
14.954,0.960,1.1694,0.0307,-0.0439
14.966,0.965,1.1665,0.0299,-0.0439
14.968,0.972,1.1900,0.0334,-0.0439
14.969,0.955,1.2141,0.0304,-0.0425
14.979,0.990,1.2355,0.0320,-0.0439
14.985,0.996,1.2116,0.0322,-0.0439
14.996,1.169,1.1368,0.0359,-0.0438
14.997,0.967,1.2411,0.0339,-0.0439
14.998,0.991,1.1709,0.0301,-0.0439
15.010,0.969,1.2739,0.0269,-0.0439
15.014,0.967,1.1918,0.0298,-0.0439
15.015,0.971,1.1922,0.0300,-0.0439
15.019,0.962,1.1135,0.0282,-0.0439
15.022,1.015,1.2517,0.0305,-0.0439
15.022,1.005,1.1305,0.0367,-0.0439
15.025,0.954,1.1539,0.0304,-0.0439
15.048,0.973,1.2160,0.0350,-0.0439
15.050,0.988,1.2109,0.0307,-0.0439
15.055,0.966,1.2245,0.0324,-0.0439
15.057,0.981,1.1793,0.0308,-0.0439
15.060,0.968,1.1829,0.0299,-0.0439
15.067,0.987,1.1391,0.0333,-0.0439
15.071,0.995,1.2011,0.0331,-0.0439
15.072,0.989,1.1675,0.0340,-0.0439
15.073,0.987,1.1833,0.0313,-0.0439
15.074,0.997,1.1736,0.0306,-0.0439
15.078,0.977,1.3005,0.0328,-0.0439
15.079,0.987,1.2430,0.0340,-0.0439
15.089,0.992,1.2637,0.0337,-0.0439
15.092,0.976,1.1694,0.0336,-0.0439
15.109,1.187,1.1025,0.0352,-0.0437
15.112,0.996,1.2389,0.0337,-0.0439
15.128,0.973,1.1696,0.0284,-0.0439
15.129,0.990,1.1320,0.0299,-0.0439
15.135,1.185,1.1868,0.0268,-0.0437
15.143,1.000,1.1612,0.0318,-0.0439
15.153,0.994,1.2535,0.0317,-0.0439
15.155,0.995,1.1654,0.0346,-0.0439
15.156,0.994,1.1737,0.0334,-0.0439
15.165,1.007,1.1486,0.0359,-0.0439
15.176,1.178,1.2244,0.0524,-0.0438
15.182,1.140,1.2070,0.0344,-0.0438
15.182,1.010,0.8596,0.0571,-0.0439
15.192,1.197,1.1956,0.0311,-0.0438
15.193,1.201,1.1839,0.0354,-0.0437
15.205,1.002,1.1744,0.0334,-0.0439
15.213,1.031,1.2092,0.0332,-0.0439
15.214,1.189,1.1734,0.0341,-0.0438
15.216,1.016,1.1327,0.0306,-0.0439
15.219,1.043,1.1847,0.0337,-0.0438
15.220,1.091,1.2737,0.0323,-0.0438
15.229,1.025,1.2038,0.0338,-0.0439
15.237,1.108,1.2617,0.0342,-0.0438
15.242,1.047,1.1188,0.0393,-0.0439
15.247,1.106,1.2438,0.0318,-0.0438
15.253,1.026,1.1368,0.0336,-0.0439
15.258,1.022,1.2758,0.0364,-0.0439
15.259,1.004,1.1689,0.0314,-0.0439
15.261,1.033,1.1654,0.0337,-0.0439
15.270,1.252,1.2054,0.0354,-0.0437
15.276,1.031,1.1742,0.0373,-0.0424
15.285,1.047,1.2061,0.0339,-0.0438
15.300,1.037,1.1489,0.0366,-0.0439
15.309,1.025,1.1512,0.0339,-0.0439
15.309,1.033,1.1528,0.0354,-0.0439
15.312,1.060,1.1259,0.0352,-0.0439
15.315,1.036,1.1451,0.0362,-0.0439
15.317,1.035,1.2260,0.0288,-0.0439
15.319,1.046,1.2421,0.0332,-0.0438
15.322,1.013,1.1389,0.0360,-0.0439
15.324,1.160,1.1091,0.0368,-0.0438
15.324,1.035,1.1966,0.0336,-0.0439
15.329,1.078,1.1803,0.0322,-0.0438
15.330,1.051,1.2249,0.0382,-0.0439
15.331,1.043,1.1890,0.0338,-0.0439
15.336,1.247,1.1838,0.0339,-0.0438
15.355,1.265,1.2580,0.0348,-0.0438
15.359,1.057,1.1905,0.0372,-0.0439
15.369,1.054,1.1772,0.0333,-0.0439
15.371,1.049,1.1937,0.0314,-0.0438
15.373,1.044,1.1523,0.0369,-0.0439
15.383,1.054,1.1474,0.0323,-0.0439
15.385,1.060,1.2140,0.0344,-0.0438
15.386,1.059,1.1499,0.0325,-0.0439
15.399,1.065,1.1309,0.0349,-0.0438
15.404,1.066,1.2875,0.0344,-0.0438
15.412,1.054,1.2649,0.0349,-0.0439
15.415,1.242,1.2073,0.0372,-0.0438
15.419,1.051,1.2908,0.0346,-0.0439
15.419,1.222,1.1755,0.0440,-0.0438
15.430,1.049,1.2411,0.0354,-0.0439
15.435,1.071,1.1527,0.0394,-0.0424
15.435,1.046,1.1666,0.0367,-0.0439
15.436,1.298,1.2323,0.0361,-0.0438
15.436,1.128,1.2130,0.0412,-0.0438
15.444,1.294,1.2403,0.0450,-0.0438
15.445,1.283,1.2633,0.0361,-0.0438
15.458,1.353,1.2046,0.0338,-0.0438
15.461,1.093,1.2129,0.0358,-0.0438
15.465,1.070,1.1778,0.0388,-0.0439
15.467,1.079,1.1907,0.0356,-0.0438
15.467,1.262,1.1966,0.0397,-0.0438
15.467,1.067,1.2213,0.0393,-0.0439
15.467,1.095,0.8888,0.0460,-0.0438
15.469,1.090,1.2529,0.0370,-0.0438
15.470,1.211,1.7061,0.1829,-0.0438
15.486,1.096,1.1935,0.0375,-0.0438
15.488,1.451,1.2346,0.0378,-0.0439
15.488,1.170,1.1842,0.0351,-0.0438
15.490,1.129,1.1608,0.0342,-0.0438
15.491,1.228,1.1557,0.0368,-0.0438
15.497,1.092,1.2756,0.0355,-0.0438
15.503,1.263,1.2322,0.0445,-0.0438
15.509,1.080,1.1108,0.0380,-0.0439
15.509,1.088,1.2507,0.0352,-0.0438
15.510,1.105,1.2019,0.0406,-0.0438
15.517,1.110,1.1166,0.0396,-0.0438
15.524,1.096,1.1511,0.0407,-0.0438
15.527,1.103,1.1587,0.0350,-0.0438
15.535,1.092,1.1981,0.0398,-0.0424
15.535,1.082,1.1880,0.0367,-0.0439
15.536,1.096,1.1633,0.0437,-0.0438
15.545,1.292,1.1868,0.0373,-0.0438
15.548,1.296,1.1992,0.0501,-0.0438
15.563,1.124,1.2023,0.0352,-0.0438
15.566,1.067,1.2290,0.0451,-0.0439
15.567,1.332,1.1335,0.0366,-0.0438
15.578,1.110,1.2888,0.0360,-0.0439
15.597,1.117,1.2629,0.0424,-0.0438
15.611,1.102,1.1531,0.0390,-0.0439
15.614,1.133,1.1933,0.0424,-0.0438
15.614,1.101,1.0260,0.0405,-0.0439
15.616,1.332,1.1815,0.0412,-0.0438
15.618,1.107,1.1522,0.0432,-0.0422
15.623,1.260,1.2783,0.1938,-0.0438
15.632,1.418,1.1709,0.0424,-0.0439
15.637,1.109,1.2130,0.0342,-0.0439
15.648,1.119,1.3006,0.0421,-0.0439
15.650,1.357,1.1632,0.0611,-0.0438
15.660,1.246,1.1416,0.0397,-0.0438
15.664,1.148,1.1975,0.0436,-0.0438
15.678,1.149,1.1825,0.0372,-0.0438
15.692,1.273,1.1966,0.0459,-0.0438
15.703,1.145,1.1593,0.0399,-0.0438
15.706,1.120,1.1433,0.0404,-0.0439
15.716,1.152,1.1702,0.0395,-0.0438
15.716,1.264,1.2138,0.0419,-0.0428
15.727,1.311,1.3158,0.0581,-0.0438
15.729,1.160,1.2020,0.0407,-0.0439
15.765,1.414,1.1903,0.0443,-0.0439
15.791,1.266,1.6864,0.1597,-0.0438
15.813,1.181,1.2018,0.0408,-0.0438
15.816,1.165,1.1722,0.0421,-0.0438
15.819,1.421,1.1589,0.0465,-0.0439
15.831,1.167,1.2003,0.0398,-0.0439
15.832,1.402,1.2000,0.0437,-0.0439
15.839,1.208,1.2346,0.0430,-0.0438
15.844,1.220,1.1077,0.0438,-0.0427
15.848,1.253,1.1454,0.0521,-0.0438
15.859,1.233,1.1751,0.0472,-0.0438
15.861,1.384,1.1007,0.0430,-0.0439
15.869,1.207,1.0813,0.0431,-0.0439
15.870,1.203,1.2400,0.0420,-0.0438
15.881,1.331,1.2189,0.0441,-0.0438
15.891,1.200,1.1731,0.0449,-0.0439
15.905,1.191,1.1652,0.0446,-0.0436
15.911,1.214,1.1047,0.0515,-0.0433
15.915,1.195,1.2046,0.0419,-0.0431
15.922,1.215,1.1901,0.0488,-0.0428
15.923,1.258,1.1551,0.0458,-0.0427
15.925,1.269,1.1832,0.0454,-0.0426
15.932,1.235,1.1912,0.0480,-0.0423
15.932,1.212,1.1712,0.0426,-0.0423
15.945,1.225,1.1221,0.0444,-0.0417
15.950,1.197,1.2465,0.0505,-0.0414
15.967,1.236,1.2011,0.0430,-0.0406
15.972,1.508,1.1791,0.0506,-0.0406
15.972,1.492,1.1635,0.0475,-0.0406
15.983,1.407,1.2382,0.0504,-0.0399
15.993,1.240,1.1711,0.0462,-0.0393
15.993,1.240,1.2450,0.0492,-0.0393
15.995,1.251,1.1108,0.0473,-0.0392
16.006,1.220,1.2106,0.0433,-0.0387
16.008,1.262,1.1999,0.0560,-0.0386
16.013,1.065,1.1555,0.0559,-0.0372
16.020,1.225,1.2214,0.0476,-0.0380
16.021,1.233,1.2227,0.0487,-0.0379
16.028,1.265,1.2258,0.0514,-0.0376
16.039,1.259,1.1849,0.0484,-0.0370
16.043,1.249,1.1854,0.0478,-0.0369
16.064,1.267,1.1728,0.0469,-0.0358
16.072,1.262,1.2249,0.0532,-0.0355
16.072,1.132,1.1295,0.0484,-0.0355
16.073,1.273,1.2566,0.0494,-0.0354
16.081,1.262,1.2869,0.0548,-0.0350
16.087,1.335,1.1495,0.0484,-0.0348
16.091,1.254,1.2973,0.0494,-0.0345
16.097,1.462,1.1974,0.0495,-0.0344
16.108,1.536,1.1545,0.0558,-0.0344
16.113,1.315,1.2088,0.0995,-0.0341
16.117,1.378,1.2569,0.0530,-0.0341
16.125,1.298,1.2021,0.0463,-0.0340
16.129,1.380,1.0317,0.0467,-0.0341
16.133,1.278,1.2389,0.0552,-0.0340
16.133,1.288,1.2313,0.0522,-0.0340
16.134,1.665,1.0172,0.0500,-0.0349
16.145,1.478,0.8883,0.1452,-0.0346
16.153,1.289,1.1407,0.0487,-0.0339
16.160,1.476,1.0264,0.0529,-0.0341
16.163,1.286,1.1315,0.0511,-0.0339
16.166,1.309,1.1128,0.0521,-0.0339
16.184,1.353,0.7305,0.0784,-0.0339
16.190,1.315,1.2960,0.0567,-0.0338
16.207,1.322,1.1233,0.0574,-0.0316
16.208,1.307,1.1653,0.0483,-0.0338
16.212,1.463,1.1259,0.0536,-0.0339
16.221,1.585,1.0795,0.0550,-0.0343
16.233,1.335,1.2555,0.0480,-0.0337
16.236,1.328,0.9628,0.0495,-0.0337
16.246,1.572,1.3043,0.0543,-0.0342
16.251,1.315,1.1261,0.0585,-0.0337
16.256,1.315,1.0713,0.0564,-0.0336
16.268,1.375,1.1596,0.0609,-0.0336
16.287,1.596,1.1916,0.0570,-0.0341
16.292,1.525,1.1527,0.0531,-0.0338
16.300,1.339,0.9989,0.0585,-0.0335
16.304,1.606,1.1555,0.0615,-0.0340
16.309,1.352,1.2643,0.0567,-0.0335
16.310,1.326,1.1110,0.0550,-0.0335
16.311,1.344,1.2245,0.0609,-0.0335
16.316,1.392,1.0786,0.0601,-0.0335
16.329,1.342,1.2252,0.0560,-0.0334
16.334,1.359,1.1729,0.0564,-0.0334
16.340,1.337,1.1439,0.0560,-0.0334
16.349,1.508,1.1101,0.0568,-0.0336
16.350,1.384,1.3793,0.0676,-0.0334
16.358,1.370,1.0647,0.0566,-0.0334
16.364,1.411,1.2947,0.0513,-0.0334
16.365,1.381,1.1322,0.0519,-0.0333
16.366,1.376,1.2023,0.0571,-0.0334
16.369,1.505,1.2688,0.0568,-0.0335
16.373,1.505,1.1764,0.0581,-0.0335
16.380,1.655,1.1996,0.0608,-0.0341
16.387,1.378,1.1448,0.0548,-0.0333
16.403,1.395,1.2193,0.0564,-0.0333
16.410,1.664,1.0757,0.0636,-0.0340
16.430,1.370,1.1570,0.0611,-0.0332
16.438,1.402,1.2048,0.0532,-0.0332
16.461,1.521,1.2314,0.0598,-0.0333
16.481,1.393,1.2057,0.0570,-0.0330
16.482,1.410,1.1809,0.0544,-0.0330
16.487,1.423,1.2678,0.0574,-0.0330
16.487,1.433,1.1885,0.0619,-0.0330
16.493,1.629,1.0337,0.0550,-0.0335
16.499,1.536,1.4969,0.1044,-0.0337
16.507,1.455,1.1790,0.0569,-0.0330
16.544,1.447,1.2246,0.0663,-0.0329
16.547,1.447,1.1396,0.0617,-0.0329
16.550,1.455,1.1808,0.0662,-0.0329
16.552,1.695,1.3281,0.0619,-0.0356
16.563,1.717,1.1128,0.0644,-0.0337
16.569,1.517,1.1706,0.0568,-0.0330
16.569,1.434,1.1855,0.0685,-0.0328
16.576,1.461,1.2271,0.0677,-0.0328
16.584,1.446,1.1858,0.0671,-0.0328
16.590,1.464,1.2341,0.0639,-0.0328
16.604,1.428,1.1310,0.0661,-0.0326
16.610,1.451,1.0772,0.0632,-0.0327
16.612,1.530,1.2823,0.0692,-0.0329
16.619,1.462,1.2657,0.0686,-0.0327
16.619,1.606,1.1788,0.0592,-0.0331
16.626,1.509,1.1774,0.0571,-0.0328
16.645,1.444,1.2704,0.0586,-0.0326
16.645,1.777,1.0664,0.0668,-0.0339
16.646,1.668,1.1335,0.0673,-0.0333
16.652,1.477,1.1763,0.0675,-0.0327
16.656,1.514,1.2019,0.0702,-0.0327
16.662,1.825,1.2347,0.0726,-0.0341
16.669,1.475,1.2424,0.0644,-0.0326
16.674,1.528,1.2351,0.0743,-0.0327
16.680,1.769,1.1206,0.0660,-0.0336
16.683,1.507,1.1453,0.0699,-0.0326
16.685,1.494,1.1958,0.0670,-0.0326
16.687,1.618,1.0234,0.0642,-0.0330
16.693,1.636,1.1317,0.0623,-0.0330
16.694,1.479,1.2300,0.0610,-0.0325
16.698,1.514,1.1486,0.0673,-0.0326
16.704,1.582,1.0495,0.0614,-0.0328
16.710,1.700,1.1024,0.0585,-0.0332
16.715,1.519,1.2372,0.0656,-0.0325
16.734,1.495,1.2503,0.0692,-0.0324
16.742,,1.0771,0.0818,-0.0321
16.749,1.538,1.3436,0.0752,-0.0325
16.762,1.522,1.1481,0.0680,-0.0324
16.768,1.541,1.1526,0.0752,-0.0324
16.771,1.568,1.2283,0.0680,-0.0325
16.776,1.574,1.2149,0.0662,-0.0325
16.776,1.509,1.1027,0.0655,-0.0323
16.781,1.506,1.1790,0.0686,-0.0323
16.799,1.546,1.2261,0.0708,-0.0323
16.823,1.546,1.1740,0.0689,-0.0323
16.823,1.576,1.1838,0.0686,-0.0324
16.829,1.560,1.2521,0.0853,-0.0323
16.844,1.552,1.2694,0.0857,-0.0322
16.857,1.569,1.0933,0.0671,-0.0323
16.896,1.564,1.1490,0.0827,-0.0321
16.898,1.572,1.1577,0.0811,-0.0321
16.910,1.657,1.1660,0.0688,-0.0324
16.932,1.595,1.2848,0.0740,-0.0321
16.947,1.612,1.0757,0.0885,-0.0321
16.950,1.669,1.0504,0.0884,-0.0323
16.955,1.591,1.2577,0.0773,-0.0320
16.957,1.861,1.0142,0.0932,-0.0332
16.968,1.592,1.2176,0.0723,-0.0320
16.968,1.610,1.3412,0.0876,-0.0321
16.982,1.628,1.1650,0.0721,-0.0320
16.990,1.730,1.2789,0.0706,-0.0325
17.001,1.621,1.2155,0.0759,-0.0319
17.003,1.617,1.1113,0.0854,-0.0320
17.005,1.624,1.0911,0.0802,-0.0320
17.012,1.881,1.2905,0.0861,-0.0334
17.013,1.729,1.0178,0.0834,-0.0324
17.029,1.618,1.1128,0.0786,-0.0320
17.031,1.824,1.0897,0.0737,-0.0330
17.032,1.611,1.1659,0.0859,-0.0318
17.047,1.655,1.0872,0.0785,-0.0319
17.048,1.610,1.1208,0.0806,-0.0318
17.049,1.653,1.0998,0.0768,-0.0320
17.055,1.630,1.2062,0.0776,-0.0318
17.056,1.641,1.1531,0.0827,-0.0319
17.058,1.729,1.2707,0.0934,-0.0401
17.063,1.637,1.3911,0.0816,-0.0318
17.071,1.973,1.1477,0.0892,-0.0341
17.074,1.668,1.1454,0.0817,-0.0320
17.082,1.738,1.2782,0.0830,-0.0322
17.088,1.618,1.3303,0.0975,-0.0450
17.091,1.742,1.1209,0.0827,-0.0322
17.112,1.650,1.0839,0.0901,-0.0317
17.120,1.876,1.0934,0.0882,-0.0331
17.125,1.645,1.1311,0.0850,-0.0317
17.126,1.952,1.1342,0.0830,-0.0336
17.150,1.789,1.3461,0.2406,-0.0322
17.150,1.953,1.2318,0.0856,-0.0335
17.154,1.675,1.1550,0.0895,-0.0317
17.158,1.935,1.1409,0.0837,-0.0335
17.161,1.665,1.1366,0.0827,-0.0318
17.165,1.804,1.2910,0.0884,-0.0323
17.167,1.676,1.1801,0.0776,-0.0317
17.173,1.707,1.2854,0.0893,-0.0318
17.182,1.700,1.1402,0.1059,-0.0317
17.197,2.052,1.0324,0.0849,-0.0337
17.209,1.695,1.1735,0.0820,-0.0316
17.211,1.708,0.9886,0.0886,-0.0317
17.226,1.681,1.0440,0.0903,-0.0315
17.229,1.706,1.0573,0.0896,-0.0316
17.235,1.707,1.1701,0.0959,-0.0316
17.244,1.701,1.4593,0.0828,-0.0316
17.247,1.707,1.2544,0.0914,-0.0315
17.252,1.722,1.1388,0.0957,-0.0316
17.254,1.700,1.2851,0.0842,-0.0316
17.256,1.730,1.1686,0.0951,-0.0316
17.267,1.736,1.1110,0.0943,-0.0316
17.279,1.710,1.1842,0.1011,-0.0316
17.282,1.743,1.0800,0.0955,-0.0317
17.290,1.677,1.2366,0.0949,-0.0314
17.290,1.762,1.1098,0.1007,-0.0316
17.291,1.862,1.3837,0.0951,-0.0323
17.299,1.793,1.3682,0.0864,-0.0315
17.300,1.718,1.2401,0.0981,-0.0315
17.302,1.698,1.1140,0.0976,-0.0315
17.302,1.841,1.3362,0.0962,-0.0322
17.324,1.654,1.0744,0.0894,-0.0312
17.327,1.753,1.2156,0.1013,-0.0315
17.330,1.969,1.2461,0.0928,-0.0330
17.333,2.131,1.2122,0.1015,-0.0346
17.341,1.833,0.9188,0.1080,-0.0320
17.345,1.734,1.2302,0.0931,-0.0315
17.350,1.945,1.1175,0.1218,-0.0328
17.353,1.730,1.3014,0.0896,-0.0315
17.356,1.763,1.2157,0.0961,-0.0314
17.368,1.748,1.3617,0.1121,-0.0314
17.372,1.918,1.1263,0.1117,-0.0327
17.374,1.742,1.0855,0.1047,-0.0313
17.396,1.798,1.3379,0.1120,-0.0317
17.401,1.835,1.1671,0.0986,-0.0319
17.413,2.044,1.2709,0.0997,-0.0334
17.419,2.258,0.9995,0.0995,-0.0354
17.426,1.804,1.2016,0.0970,-0.0314
17.432,2.018,1.0819,0.0959,-0.0333
17.433,2.063,0.7908,0.1568,-0.0337
17.433,1.793,1.0425,0.1089,-0.0313
17.443,1.804,1.2997,0.0986,-0.0315
17.454,2.048,1.1658,0.1158,-0.0331
17.459,1.790,1.3473,0.0999,-0.0315
17.464,1.807,1.3259,0.1050,-0.0316
17.476,2.250,0.9878,0.1049,-0.0347
17.483,1.822,1.1582,0.1056,-0.0313
17.485,1.829,1.0373,0.1009,-0.0315
17.503,1.782,1.2887,0.1019,-0.0313
17.509,1.928,1.2228,0.0959,-0.0322
17.512,1.957,1.2530,0.0944,-0.0327
17.512,2.021,1.2116,0.1190,-0.0329
17.512,1.820,1.0793,0.0958,-0.0313
17.517,2.166,1.1346,0.1126,-0.0340
17.534,2.014,1.2344,0.1156,-0.0326
17.541,1.933,1.2796,0.1076,-0.0322
17.542,1.848,1.2757,0.1120,-0.0310
17.544,1.779,1.0456,0.1083,-0.0309
17.552,1.825,1.0458,0.0956,-0.0311
17.553,2.156,1.0696,0.1149,-0.0334
17.582,1.803,1.2722,0.0985,-0.0309
17.586,1.898,1.2676,0.0978,-0.0311
17.588,1.852,1.0281,0.1004,-0.0309
17.601,1.782,1.1594,0.1196,-0.0303
17.611,1.826,1.2224,0.1006,-0.0307
17.611,1.873,1.1370,0.0997,-0.0306
17.619,1.989,0.9534,0.1208,-0.0312
17.622,1.843,1.0388,0.1007,-0.0304
17.624,1.807,1.1785,0.1188,-0.0301
17.627,1.830,1.2706,0.1008,-0.0305
17.630,1.839,1.2063,0.1047,-0.0303
17.635,1.866,0.8722,0.1148,-0.0305
17.637,2.096,1.2079,0.1152,-0.0322
17.638,1.998,1.3421,0.1309,-0.0413
17.648,1.865,1.1891,0.1109,-0.0303
17.669,2.106,1.2259,0.1223,-0.0316
17.683,1.897,1.0660,0.1195,-0.0301
17.688,2.058,1.1413,0.1186,-0.0313
17.691,1.851,1.2176,0.1164,-0.0297
17.703,1.901,1.2856,0.1036,-0.0299
17.719,2.189,1.3614,0.1154,-0.0316
17.727,2.054,1.0536,0.1305,-0.0306
17.733,1.905,1.1460,0.1234,-0.0297
17.734,1.898,0.8812,0.1072,-0.0297
17.736,2.213,0.9404,0.1268,-0.0317
17.737,1.912,1.0950,0.1231,-0.0297
17.738,1.940,1.3134,0.1113,-0.0297
17.741,1.893,1.3168,0.1312,-0.0294
17.742,2.210,1.1019,0.1231,-0.0313
17.757,1.973,1.2052,0.1323,-0.0298
17.762,1.971,1.2404,0.1219,-0.0297
17.782,2.012,1.2175,0.1158,-0.0296
17.783,2.229,0.9045,0.1176,-0.0315
17.791,2.091,1.3557,0.1268,-0.0298
17.792,1.970,1.0710,0.1358,-0.0294
17.798,1.935,1.2360,0.1284,-0.0290
17.798,1.910,1.2387,0.1318,-0.0290
17.799,1.934,1.1722,0.1121,-0.0292
17.804,1.856,1.2175,0.1048,-0.0290
17.806,2.293,0.9989,0.1396,-0.0321
17.809,2.171,0.2331,0.2447,-0.0308
17.813,1.913,1.3925,0.1217,-0.0288
17.814,1.857,1.3704,0.1109,-0.0287
17.822,1.937,0.9522,0.1332,-0.0289
17.824,2.104,1.2747,0.1313,-0.0299
17.831,2.090,0.9602,0.1328,-0.0306
17.834,1.995,1.2826,0.1095,-0.0295
17.851,1.883,1.2114,0.1380,-0.0286
17.851,1.964,1.1847,0.1289,-0.0285
17.852,2.197,1.1539,0.1151,-0.0305
17.864,1.922,1.1434,0.1190,-0.0284
17.867,2.005,1.0526,0.1340,-0.0286
17.872,1.934,1.0084,0.1400,-0.0284
17.873,1.927,1.0623,0.1332,-0.0284
17.874,1.932,1.1129,0.1485,-0.0285
17.875,2.227,1.0102,0.1473,-0.0310
17.884,2.037,1.2285,0.1381,-0.0288
17.885,2.017,1.1341,0.1348,-0.0289
17.889,1.987,1.0810,0.1226,-0.0289
17.890,1.898,1.2440,0.1213,-0.0282
17.905,2.249,1.2586,0.1441,-0.0304
17.906,1.940,1.2519,0.1264,-0.0280
17.916,2.081,1.3214,0.2965,-0.0287
17.930,1.968,0.9517,0.1424,-0.0283
17.937,1.973,1.4071,0.1273,-0.0282
17.938,2.063,1.2483,0.1526,-0.0284
17.943,1.995,1.3630,0.1599,-0.0282
17.944,1.949,1.2443,0.1477,-0.0280
17.946,2.008,1.1880,0.1467,-0.0282
17.954,2.068,1.2773,0.1416,-0.0283
17.956,2.005,1.3621,0.1506,-0.0281
17.986,2.029,1.0742,0.1241,-0.0276
17.988,1.873,1.2188,0.1427,-0.0269
17.992,2.323,1.4205,0.1345,-0.0296
17.994,1.974,1.4164,0.1474,-0.0273
17.997,1.986,1.0111,0.1506,-0.0274
18.009,2.272,1.1773,0.1503,-0.0294
18.018,2.040,1.4901,0.1412,-0.0274
18.033,2.029,1.0829,0.1562,-0.0272
18.034,2.247,1.0677,0.1321,-0.0293
18.037,2.066,1.1879,0.1340,-0.0273
18.040,2.089,1.4083,0.1367,-0.0278
18.044,2.276,1.4005,0.1527,-0.0284
18.047,2.033,1.3341,0.1479,-0.0273
18.049,2.081,1.1489,0.1453,-0.0276
18.060,2.017,1.3900,0.1463,-0.0269
18.064,2.058,1.1976,0.1508,-0.0270
18.066,1.955,1.2353,0.1527,-0.0266
18.068,1.994,1.3142,0.1331,-0.0266
18.085,1.976,0.9623,0.1560,-0.0262
18.087,1.994,1.2717,0.1330,-0.0265
18.088,1.967,1.0993,0.1405,-0.0264
18.092,2.063,0.9017,0.1555,-0.0269
18.113,1.979,1.3914,0.1500,-0.0260
18.122,2.128,1.0601,0.1475,-0.0271
18.125,2.007,0.8954,0.1595,-0.0263
18.130,2.060,1.2944,0.1460,-0.0263
18.140,2.012,1.2528,0.1569,-0.0261
18.159,2.068,1.2931,0.1343,-0.0272
18.166,2.023,0.9453,0.1414,-0.0287
18.167,2.069,1.0137,0.1528,-0.0256
18.169,2.093,1.1119,0.1640,-0.0261
18.171,2.337,1.0956,0.1546,-0.0267
18.171,1.966,1.5118,0.1621,-0.0260
18.177,2.031,0.9449,0.1647,-0.0260
18.191,2.269,1.1674,0.1482,-0.0272
18.196,2.023,0.9950,0.1594,-0.0256
18.199,1.876,1.0919,0.1731,-0.0392
18.205,2.096,1.1618,0.1514,-0.0258
18.207,2.249,1.2330,0.1724,-0.0270
18.209,2.099,1.0360,0.1611,-0.0354
18.213,2.074,1.6352,0.1547,-0.0258
18.221,2.176,1.2911,0.1665,-0.0262
18.228,2.028,1.4933,0.1572,-0.0255
18.230,2.034,1.2929,0.1795,-0.0253
18.237,2.201,-0.1012,0.3035,-0.0260
18.239,2.473,1.5408,0.1704,-0.0273
18.242,2.039,1.4106,0.1679,-0.0253
18.242,2.394,1.0858,0.1616,-0.0269
18.243,2.147,1.2421,0.1525,-0.0253
18.248,1.979,1.1856,0.1569,-0.0250
18.260,2.140,0.9449,0.1551,-0.0254
18.269,2.066,1.0011,0.1560,-0.0248
18.285,2.063,1.0702,0.1565,-0.0249
18.291,2.032,1.2622,0.1610,-0.0248
18.302,2.090,0.9922,0.1537,-0.0248
18.311,1.829,2.0244,0.1716,-0.0380
18.316,2.055,0.9770,0.1834,-0.0242
18.318,2.137,1.4190,0.1607,-0.0245
18.320,2.106,1.3016,0.1922,-0.0245
18.324,2.153,1.2019,0.1781,-0.0243
18.328,2.186,1.3808,0.1520,-0.0246
18.330,2.015,1.0078,0.1883,-0.0242
18.338,2.275,1.1399,0.2215,-0.0255
18.351,2.424,1.1381,0.1481,-0.0258
18.352,2.351,1.3747,0.2023,-0.0252
18.354,2.322,1.1964,0.1595,-0.0257
18.356,2.531,1.2545,0.1864,-0.0308
18.357,2.071,0.8050,0.1598,-0.0281
18.360,2.164,1.4525,0.1799,-0.0243
18.364,1.995,1.1474,0.1662,-0.0331
18.367,2.134,1.2730,0.1714,-0.0239
18.405,1.465,1.5026,0.2181,-0.0296
18.437,2.263,1.1102,0.1853,-0.0242
18.443,2.433,1.3709,0.1715,-0.0245
18.445,2.032,0.9063,0.1691,-0.0233
18.447,2.139,0.9767,0.1948,-0.0233
18.451,2.446,0.7299,0.1783,-0.0237
18.454,2.114,1.2192,0.1706,-0.0234
18.459,2.173,1.1479,0.1871,-0.0231
18.461,2.443,1.2696,0.1863,-0.0338
18.463,2.342,1.6440,0.1873,-0.0239
18.465,2.211,0.8734,0.1985,-0.0217
18.468,2.315,0.9242,0.1959,-0.0236
18.471,2.144,1.1886,0.2120,-0.0229
18.474,2.087,1.3629,0.1671,-0.0229
18.495,2.412,1.0752,0.1714,-0.0283
18.506,2.220,1.4043,0.1788,-0.0224
18.508,2.253,1.3066,0.1910,-0.0233
18.526,2.070,1.1280,0.1968,-0.0223
18.527,2.386,0.7807,0.2473,-0.0229
18.528,2.181,1.1436,0.1927,-0.0223
18.539,2.232,0.8507,0.2220,-0.0226
18.553,1.475,0.5042,0.1878,-0.0208
18.553,2.243,1.3471,0.2171,-0.0223
18.557,2.274,1.0625,0.2020,-0.0220
18.563,2.444,1.4677,0.1796,-0.0304
18.575,2.148,1.4369,0.2062,-0.0220
18.576,2.170,1.0203,0.2377,-0.0320
18.579,2.161,1.5584,0.2393,-0.0351
18.585,2.043,1.3878,0.1929,-0.0274
18.615,2.296,1.1054,0.2300,-0.0221
18.618,2.268,1.0410,0.2198,-0.0338
18.622,2.384,1.7181,0.3345,-0.0371
18.636,2.324,1.1239,0.1931,-0.0217
18.639,2.116,0.6875,0.2081,-0.0211
18.642,2.103,1.3825,0.1926,-0.0253
18.643,2.412,1.3812,0.1965,-0.0218
18.645,2.246,0.9895,0.2146,-0.0213
18.653,2.126,0.7989,0.2371,-0.0209
18.670,2.204,1.0797,0.2080,-0.0210
18.675,2.226,1.3343,0.2193,-0.0207
18.675,2.235,1.0316,0.2117,-0.0209
18.682,2.546,1.1220,0.1935,-0.0357
18.684,2.125,0.7721,0.2111,-0.0208
18.688,2.393,1.3287,0.2621,-0.0212
18.692,2.378,0.9955,0.1912,-0.0209
18.693,2.273,1.3175,0.2640,-0.0205
18.694,2.278,1.2464,0.2137,-0.0205
18.702,2.298,1.0230,0.2102,-0.0206
18.704,2.445,1.1953,0.2056,-0.0284
18.709,2.157,0.4589,0.2319,-0.0204
18.712,2.168,0.7209,0.2563,-0.0205
18.726,2.332,0.5777,0.4629,-0.0204
18.726,2.498,1.3796,0.2445,-0.0201
18.728,2.292,1.2519,0.2804,-0.0202
18.733,2.184,1.1320,0.1971,-0.0199
18.736,2.201,1.4582,0.2185,-0.0325
18.737,-0.524,1.2085,0.2462,-0.0071
18.737,2.173,1.0279,0.2144,-0.0201
18.741,2.113,1.0921,0.2268,-0.0200
18.744,2.211,1.1032,0.2217,-0.0198
18.756,2.220,1.1132,0.2241,-0.0197
18.760,2.296,0.9140,0.2389,-0.0198
18.765,2.369,1.1602,0.2304,-0.0200
18.769,2.474,1.5015,0.2210,-0.0336
18.771,2.214,1.2595,0.2123,-0.0286
18.774,2.360,1.1157,0.2533,-0.0225
18.783,2.254,1.3796,0.2071,-0.0253
18.786,2.206,1.1847,0.2105,-0.0196
18.793,2.221,1.2338,0.2347,-0.0193
18.794,2.238,1.3215,0.2372,-0.0297
18.795,2.408,0.9997,0.2011,-0.0233
18.795,2.439,0.2489,0.4540,-0.0330
18.798,2.352,1.0760,0.2221,-0.0195
18.805,2.343,1.5655,0.2426,-0.0193
18.811,2.341,1.5536,0.2155,-0.0193
18.820,2.336,0.9774,0.2546,-0.0190
18.840,2.344,0.7939,0.2026,-0.0320
18.844,2.305,1.3284,0.2373,-0.0187
18.855,2.161,1.3668,0.2535,-0.0316
18.857,2.126,1.1184,0.2475,-0.0186
18.861,2.340,1.4703,0.2227,-0.0186
18.864,2.233,1.6773,0.3035,-0.0207
18.884,2.289,0.9936,0.2538,-0.0183
18.884,2.287,1.4105,0.2338,-0.0221
18.886,2.249,1.0042,0.2537,-0.0244
18.892,2.620,1.6193,0.2543,-0.0305
18.894,2.358,1.1654,0.2317,-0.0182
18.898,2.530,1.0479,0.2617,-0.0306
18.899,2.282,0.9501,0.2441,-0.0306
18.913,2.292,0.7255,0.2990,-0.0179
18.919,2.181,1.5423,0.2487,-0.0179
18.919,2.404,1.5626,0.2694,-0.0246
18.921,2.413,1.0752,0.2689,-0.0179
18.932,2.239,1.4461,0.2340,-0.0177
18.960,2.321,1.3962,0.2569,-0.0173
18.962,2.243,1.5522,0.2578,-0.0173
18.969,2.484,1.4010,0.2450,-0.0173
18.971,2.235,0.9650,0.2573,-0.0236
18.974,2.130,0.8696,0.2348,-0.0194
18.978,2.258,0.6764,0.2567,-0.0171
18.984,2.521,1.4100,0.2435,-0.0286
18.984,2.246,0.9896,0.3046,-0.0170
18.988,2.331,1.3915,0.2756,-0.0268
18.991,2.437,1.1491,0.2531,-0.0169
18.994,2.284,1.0819,0.2609,-0.0169
19.008,2.344,1.4161,0.2205,-0.0266
19.016,2.456,1.3984,0.2625,-0.0167
19.019,2.357,1.3105,0.2167,-0.0220
19.026,2.262,0.9689,0.2467,-0.0166
19.028,2.323,1.4623,0.2632,-0.0166
19.029,2.352,1.1025,0.2653,-0.0220
19.040,2.360,1.2260,0.2342,-0.0226
19.045,2.360,0.9321,0.2604,-0.0170
19.050,2.256,1.2106,0.2589,-0.0154
19.068,2.393,1.1456,0.3023,-0.0251
19.072,2.454,0.9659,0.3312,-0.0215
19.076,2.407,1.3848,0.2432,-0.0180
19.079,2.462,1.4376,0.2464,-0.0246
19.083,2.523,1.6792,0.3268,-0.0160
19.089,2.286,1.0072,0.2958,-0.0242
19.095,2.286,1.0298,0.2602,-0.0239
19.104,2.473,1.3978,0.2455,-0.0201
19.105,2.474,1.7428,0.2773,-0.0159
19.110,2.206,1.2253,0.2920,-0.0158
19.114,2.234,1.2241,0.3078,-0.0167
19.116,2.402,1.4219,0.2688,-0.0158
19.119,2.429,1.1188,0.2737,-0.0158
19.123,2.437,1.6168,0.2865,-0.0202
19.124,2.404,0.5981,0.3022,-0.0221
19.139,2.215,1.9753,0.3317,-0.0156
19.141,2.322,1.3666,0.2998,-0.0219
19.160,2.536,1.1756,0.3068,-0.0210
19.160,2.456,1.0429,0.3124,-0.0153
19.190,2.308,1.1492,0.3038,-0.0151
19.191,2.359,1.4058,0.2702,-0.0160
19.198,2.447,0.7803,0.2802,-0.0150
19.200,2.392,0.6376,0.2900,-0.0153
19.207,2.551,1.0317,0.3518,-0.0187
19.209,2.340,0.7339,0.2930,-0.0174
19.214,2.394,1.2217,0.3177,-0.0153
19.219,2.443,1.0003,0.3168,-0.0148
19.227,2.379,0.9900,0.3484,-0.0164
19.233,2.356,2.1602,0.3142,-0.0149
19.234,2.613,1.2960,0.2881,-0.0177
19.247,2.424,1.1832,0.2795,-0.0166
19.257,2.440,1.6884,0.3378,-0.0167
19.258,2.456,1.3191,0.2826,-0.0164
19.264,2.402,1.5459,0.2927,-0.0137
19.264,2.321,1.1123,0.3224,-0.0162
19.269,2.711,1.2485,0.2663,-0.0160
19.272,2.276,1.2385,0.3021,-0.0160
19.279,2.385,1.4913,0.3237,-0.0158
19.281,2.595,1.1591,0.3212,-0.0134
19.296,2.357,1.2305,0.3400,-0.0149
19.300,2.264,1.2989,0.2872,-0.0141
19.301,2.313,1.2354,0.3069,-0.0144
19.308,2.585,1.2424,0.3299,-0.0129
19.312,2.270,1.2311,0.3237,-0.0138
19.318,2.207,1.0559,0.3033,-0.0130
19.320,2.342,0.3540,0.3513,-0.0129
19.328,2.373,1.5732,0.3509,-0.0120
19.332,2.492,1.1992,0.2975,-0.0122
19.337,2.454,1.5168,0.4250,-0.0119
19.339,2.596,1.6418,0.4066,-0.0130
19.340,2.470,1.4131,0.3576,-0.0131
19.342,2.323,1.2127,0.3550,-0.0137
19.356,2.247,1.0889,0.2969,-0.0116
19.358,2.419,1.8387,0.3266,-0.0120
19.363,2.354,1.0737,0.3750,-0.0119
19.367,2.568,1.6914,0.3071,-0.0118
19.373,2.457,1.5221,0.2964,-0.0113
19.375,2.403,1.3013,0.3565,-0.0110
19.376,2.375,1.5197,0.3031,-0.0134
19.377,2.246,0.7585,0.3438,-0.0109
19.380,2.106,1.0271,0.3329,-0.0108
19.384,2.315,1.1297,0.3305,-0.0109
19.391,2.350,1.1825,0.3577,-0.0106
19.399,2.425,0.9652,0.3685,-0.0104
19.404,2.477,0.7432,0.3604,-0.0101
19.406,2.242,1.4791,0.3906,-0.0100
19.411,2.548,0.9350,0.3539,-0.0097
19.419,2.267,1.0849,0.3596,-0.0093
19.425,2.261,1.8502,0.3995,-0.0092
19.426,2.328,0.9776,0.3533,-0.0093
19.427,2.349,0.6619,0.3275,-0.0094
19.428,2.547,1.9011,0.3585,-0.0090
19.437,2.262,0.8268,0.3871,-0.0087
19.437,2.342,0.9913,0.3814,-0.0095
19.442,2.263,1.2448,0.3392,-0.0128
19.443,2.799,0.7800,0.3750,-0.0084
19.445,2.316,0.5780,0.3646,-0.0083
19.451,2.393,1.1423,0.3368,-0.0080
19.456,2.363,1.4872,0.3469,-0.0077
19.470,2.382,0.6884,0.3620,-0.0071
19.496,2.356,1.9020,0.4640,-0.0071
19.502,2.253,1.2878,0.3497,-0.0056
19.504,2.433,1.3482,0.4294,-0.0064
19.505,2.239,0.8876,0.3984,-0.0057
19.510,2.495,1.1789,0.3161,-0.0053
19.517,2.217,1.1631,0.4113,-0.0059
19.521,2.342,1.0030,0.3894,-0.0059
19.523,2.184,1.4424,0.4072,-0.0076
19.525,2.263,1.9774,0.3961,-0.0046
19.527,2.514,1.1077,0.4015,-0.0047
19.543,2.514,1.3965,0.3931,-0.0039
19.554,2.404,1.8102,0.3785,-0.0072
19.556,2.607,1.2565,0.4280,-0.0034
19.560,2.661,0.9516,0.4470,-0.0031
19.563,2.390,0.6547,0.3769,-0.0029
19.565,2.745,1.4732,0.4360,-0.0044
19.565,2.103,1.4811,0.4225,-0.0084
19.569,2.533,1.5921,0.4023,-0.0116
19.570,2.180,1.0676,0.4721,-0.0059
19.572,2.573,1.3232,0.3808,-0.0026
19.574,2.602,0.3778,0.3845,-0.0030
19.597,2.294,0.4989,0.4058,-0.0084
19.602,2.313,1.3013,0.4680,-0.0027
19.603,2.378,0.9603,0.4026,-0.0040
19.604,2.436,1.7402,0.3900,-0.0091
19.607,2.344,0.4626,0.4488,-0.0010
19.617,2.615,1.3573,0.3516,-0.0051
19.620,2.284,2.1028,0.4769,-0.0003
19.626,2.311,1.3433,0.3797,-0.0002
19.626,2.624,1.7406,0.3625,-0.0026
19.635,2.376,1.4598,0.3852,0.0002
19.637,2.288,1.1557,0.4148,0.0003
19.640,2.498,0.5767,0.4079,0.0002
19.642,2.409,0.5864,0.4236,-0.0079
19.653,2.255,0.8833,0.4424,-0.0008
19.663,2.504,0.9476,0.3847,0.0015
19.675,2.429,0.9822,0.3707,-0.0036
19.684,2.518,1.8265,0.4033,0.0023
19.697,2.313,0.7697,0.4069,-0.0032
19.709,-0.162,0.9815,0.4375,-0.0050
19.712,2.140,1.4951,0.4513,0.0037
19.713,2.462,1.2920,0.4222,0.0037
19.726,2.375,1.6059,0.4494,0.0046
19.748,2.296,1.8235,0.4408,0.0055
19.754,2.736,0.4667,0.5062,0.0050
19.757,2.548,0.8129,0.4402,0.0057
19.769,2.310,0.9918,0.4638,-0.0011
19.794,2.267,1.0292,0.4505,0.0077
19.804,2.354,1.3473,0.5091,0.0079
19.824,2.221,0.2388,0.4981,-0.0003
19.836,2.299,0.9230,0.4628,0.0093
19.838,2.582,1.9660,0.4809,0.0093
19.841,2.443,1.5127,0.4824,0.0094
19.842,2.531,1.2650,0.4319,0.0097
19.860,2.424,1.5233,0.4932,0.0012
19.864,1.969,1.7361,0.5469,0.0105
19.873,2.129,1.7105,0.4473,0.0111
19.882,2.326,0.3586,0.5503,0.0096
19.893,2.343,1.1997,0.4911,0.0120
19.900,2.370,1.3285,0.4962,-0.0016
19.903,2.322,2.3570,0.5522,0.0124
19.914,2.235,1.0181,0.5236,0.0074
19.945,2.700,1.1881,0.4339,0.0065
19.946,2.266,2.6108,0.5346,0.0095
19.950,1.905,1.6534,0.5654,0.0144
19.960,2.120,0.7568,0.4908,0.0009
19.963,2.305,0.9693,0.5909,-0.0115
19.973,2.562,2.0736,0.5228,0.0152
19.977,2.250,0.6131,0.5229,0.0055
19.981,2.284,0.3857,0.6075,0.0083
19.985,2.300,0.4217,0.4860,0.0161
19.985,2.293,0.9923,0.5659,0.0091
19.992,2.179,0.9536,0.5810,0.0056
20.007,2.573,1.0937,0.6048,0.0165
20.019,2.067,1.0833,0.4995,0.0090
20.023,2.291,1.5168,0.4750,0.0165
20.027,2.280,0.4254,0.4747,-0.0064
20.046,2.145,1.7991,0.4821,0.0009
20.048,1.645,1.6007,0.6082,0.0153
20.076,2.307,0.9786,0.7555,0.0147
20.092,1.745,1.2731,0.6353,0.0088
20.098,1.806,1.2179,0.5476,0.0150
20.100,2.134,1.2879,0.6106,0.0145
20.101,2.145,1.9283,0.6981,0.0023
20.104,2.489,4.1061,0.9938,0.0148
20.105,2.055,0.5983,0.6039,-0.0104
20.113,2.361,1.7486,0.5780,0.0142
20.115,2.294,0.1814,0.5153,0.0139
20.117,2.230,0.2403,0.5658,-0.0009
20.132,2.279,1.1842,0.5847,0.0106
20.134,2.220,1.4461,0.5478,0.0141
20.135,1.972,1.0234,0.5641,0.0142
20.168,2.181,1.4855,0.6195,0.0074
20.172,1.939,1.2201,0.9297,0.0069
20.179,2.188,0.7336,0.6638,0.0131
20.188,2.102,1.3973,0.5557,0.0111
20.191,2.056,-0.2915,0.6163,-0.0039
20.194,2.138,0.5451,0.7245,0.0130
20.202,2.090,0.6171,0.6289,0.0130
20.202,2.278,0.6068,0.5644,0.0129
20.241,1.803,2.1207,0.6649,0.0120
20.254,2.037,0.7695,0.6762,0.0118
20.263,2.214,1.1559,0.7333,0.0050
20.264,0.110,-0.6895,0.6098,-0.0126
20.278,2.330,0.7408,0.6984,-0.0081
20.282,2.182,0.5635,0.6705,0.0114
20.296,1.725,1.0617,0.6013,0.0068
20.308,2.145,1.6686,0.6371,0.0065
20.315,1.764,1.4812,0.7754,0.0053
20.329,2.053,1.1973,0.6823,0.0102
20.342,2.274,1.5292,0.7901,0.0101
20.357,2.407,0.6357,0.7279,0.0098
20.379,2.485,-0.0097,0.7851,-0.0151
20.383,1.968,2.6881,0.7084,-0.0039
20.385,1.731,0.4247,0.8369,0.0092
20.398,1.893,2.0708,0.6359,-0.0076
20.406,2.096,1.7187,0.7390,-0.0066
20.407,2.512,-0.0405,0.7513,0.0093
20.407,2.265,1.5071,0.8233,0.0082
20.461,2.474,2.2589,0.9708,0.0080
20.526,1.564,1.4102,0.9461,-0.0079
20.578,1.979,-0.3232,0.9132,-0.0148
20.578,1.856,2.0278,1.0257,0.0056
20.680,2.025,1.6348,1.2003,0.0040
20.690,-0.282,3.7962,1.8648,-0.0132
20.725,2.244,1.3320,1.5168,-0.0126
20.738,1.899,-0.3925,1.2212,-0.0200
20.832,1.650,0.4900,1.7500,-0.0138
