mass,age_ms,age_end,eep_end,m_final,he_core,co_core,logtc,logrhoc,xc,log_pp,log_cno,m_conv_core
0.10,2.9521e+12,2.9521e+12,454,0.0997,0.0000,0.0000,6.8150,2.4054,0.3498,-2.6617,-8.8492,0.0998
0.15,1.8061e+12,1.8061e+12,454,0.1496,0.0000,0.0000,6.8924,2.2281,0.3492,-2.2942,-7.0634,0.1497
0.20,1.1427e+12,1.1427e+12,454,0.1996,0.0001,0.0000,6.9379,2.1634,0.3421,-2.0749,-5.9638,0.0312
0.25,7.2692e+11,7.2692e+11,454,0.2496,0.0000,0.0000,6.9513,2.1518,0.3439,-1.9078,-5.5454,0.0193
0.30,4.4841e+11,4.4841e+11,454,0.2997,0.0000,0.0000,6.9633,2.1394,0.3499,-1.7753,-5.1888,0.0215
0.31,4.0515e+11,4.0515e+11,454,0.3097,0.0000,0.0000,6.9812,2.1652,0.3288,-1.7277,-4.7472,0.0306
0.32,3.5666e+11,3.5666e+11,454,0.3197,0.0000,0.0000,6.9618,2.1439,0.3406,-1.7332,-5.1987,0.0082
0.33,3.1623e+11,3.1623e+11,454,0.3297,0.0000,0.0000,6.9855,2.1435,0.3451,-1.6810,-4.6382,0.0367
0.34,2.8013e+11,2.8013e+11,454,0.3397,0.0000,0.0000,6.9882,2.1426,0.3456,-1.6553,-4.5522,0.0346
0.35,2.4251e+11,2.4251e+11,454,0.3497,0.0000,0.0000,6.9774,2.1352,0.3488,-1.6589,-4.8018,0.0245
0.36,2.0152e+11,2.0152e+11,454,0.3598,0.0000,0.0000,6.9977,2.1450,0.3442,-1.6065,-4.3207,0.0336
0.37,1.8100e+11,1.8100e+11,454,0.3698,0.0000,0.0000,6.9816,2.1401,0.3430,-1.6192,-4.6924,0.0213
0.38,1.6033e+11,1.6033e+11,454,0.3798,0.0000,0.0000,6.9538,2.1211,0.3415,-1.6251,-5.2718,0.0000
0.39,1.5373e+11,1.5373e+11,454,0.3898,0.0000,0.0000,6.9549,2.1213,0.3400,-1.5974,-5.2357,0.0000
0.40,1.4742e+11,1.4742e+11,454,0.3997,0.0000,0.0000,6.9571,2.1201,0.3420,-1.5692,-5.1797,0.0000
0.45,1.1957e+11,1.1957e+11,454,0.4497,0.0000,0.0000,6.9753,2.1320,0.3390,-1.4217,-4.7764,0.0000
0.50,9.5875e+10,9.5875e+10,454,0.4997,0.0000,0.0000,6.9939,2.1344,0.3471,-1.2753,-4.4564,0.0000
0.55,7.5356e+10,7.5356e+10,454,0.5496,0.0000,0.0000,7.0164,2.1466,0.3455,-1.1221,-4.1945,0.0000
0.60,5.9369e+10,6.3578e+10,631,0.5044,0.4802,0.0000,7.0383,2.1521,0.3489,-0.9713,-4.0068,0.0000
0.65,4.5514e+10,4.9124e+10,1409,0.5133,0.5031,0.4107,7.0656,2.1782,0.3316,-0.8100,-3.8194,0.0000
0.70,3.5557e+10,3.8622e+10,1710,0.5146,0.5142,0.4370,7.0863,2.1778,0.3393,-0.6676,-3.6547,0.0000
0.75,2.8091e+10,3.0725e+10,1710,0.5196,0.5193,0.4429,7.1066,2.1783,0.3454,-0.5332,-3.4725,0.0000
0.80,2.2423e+10,2.4753e+10,1710,0.5233,0.5229,0.4469,7.1277,2.1858,0.3440,-0.4039,-3.2491,0.0000
0.85,1.8063e+10,2.0145e+10,1710,0.5288,0.5284,0.4358,7.1493,2.1987,0.3342,-0.2796,-2.9611,0.0000
0.90,1.4680e+10,1.6558e+10,1710,0.5327,0.5323,0.4746,7.1670,2.1977,0.3370,-0.1688,-2.6773,0.0000
0.92,1.3535e+10,1.5347e+10,1710,0.5326,0.5324,0.4468,7.1732,2.1944,0.3404,-0.1273,-2.5663,0.0000
0.94,1.2520e+10,1.4242e+10,1710,0.5339,0.5337,0.4766,7.1819,2.2017,0.3326,-0.0819,-2.4175,0.0000
0.96,1.1573e+10,1.3232e+10,1710,0.5356,0.5352,0.4758,7.1883,2.1991,0.3351,-0.0417,-2.3004,0.0000
0.98,1.0709e+10,1.2311e+10,1710,0.5377,0.5374,0.4577,7.1935,2.1925,0.3417,-0.0046,-2.2029,0.0000
1.00,9.9194e+09,1.1465e+10,1710,0.5398,0.5395,0.4787,7.2017,2.1982,0.3344,0.0376,-2.0551,0.0000
1.02,9.1967e+09,1.0692e+10,1710,0.5399,0.5396,0.4874,7.2082,2.1971,0.3345,0.0760,-1.9315,0.0000
1.04,8.5544e+09,9.9845e+09,1710,0.5418,0.5415,0.4391,7.2121,2.1853,0.3469,0.1089,-1.8528,0.0000
1.06,7.9498e+09,9.3316e+09,1710,0.5427,0.5424,0.4906,7.2179,2.1816,0.3497,0.1446,-1.7416,0.0000
1.08,7.3952e+09,8.7330e+09,1710,0.5430,0.5428,0.4807,7.2254,2.1847,0.3442,0.1823,-1.6032,0.0000
1.10,6.8850e+09,8.1871e+09,1710,0.5459,0.5456,0.4946,7.2319,2.1841,0.3426,0.2176,-1.4784,0.0000
1.12,6.4182e+09,7.6765e+09,1710,0.5468,0.5465,0.4893,7.2414,2.1930,0.3294,0.2556,-1.3090,0.0000
1.14,6.0037e+09,7.2127e+09,1710,0.5472,0.5469,0.4271,7.2469,2.1865,0.3348,0.2867,-1.2062,0.0000
1.16,5.6932e+09,6.8205e+09,1710,0.5485,0.5482,0.5009,7.2551,2.1839,0.3373,0.3194,-1.0602,0.0004
1.18,5.3686e+09,6.4351e+09,1710,0.5491,0.5488,0.5003,7.2634,2.1799,0.3402,0.3497,-0.9078,0.0020
1.20,5.0458e+09,6.0798e+09,1710,0.5505,0.5502,0.5010,7.2721,2.1793,0.3365,0.3775,-0.7373,0.0070
1.22,4.7531e+09,5.7476e+09,1710,0.5511,0.5508,0.5006,7.2828,2.1766,0.3363,0.4008,-0.5206,0.0278
1.24,4.4791e+09,5.4388e+09,1710,0.5525,0.5522,0.5056,7.2877,2.1644,0.3472,0.4224,-0.4082,0.0410
1.26,4.2400e+09,5.1528e+09,1710,0.5532,0.5529,0.4492,7.2955,2.1599,0.3416,0.4355,-0.2418,0.0542
1.28,4.0147e+09,4.8891e+09,1710,0.5549,0.5546,0.5033,7.3011,2.1501,0.3427,0.4471,-0.1168,0.0669
1.30,3.7823e+09,4.6440e+09,1710,0.5558,0.5555,0.5029,7.3051,2.1407,0.3436,0.4581,-0.0234,0.0755
1.32,3.5900e+09,4.4143e+09,1710,0.5551,0.5549,0.4999,7.3090,2.1315,0.3433,0.4666,0.0657,0.0840
1.34,3.4061e+09,4.2021e+09,1710,0.5577,0.5574,0.5099,7.3122,2.1219,0.3445,0.4760,0.1384,0.0915
1.36,3.2319e+09,4.0015e+09,1710,0.5586,0.5583,0.5109,7.3146,2.1119,0.3478,0.4872,0.1965,0.0976
1.38,3.0854e+09,3.8155e+09,1710,0.5603,0.5600,0.5129,7.3171,2.1023,0.3496,0.4965,0.2553,0.1037
1.40,2.9519e+09,3.6412e+09,1710,0.5616,0.5614,0.5188,7.3202,2.0946,0.3466,0.4997,0.3211,0.1097
1.42,2.8278e+09,3.4794e+09,1710,0.5629,0.5627,0.5202,7.3231,2.0868,0.3441,0.5029,0.3803,0.1153
1.44,2.7120e+09,3.3223e+09,1710,0.5640,0.5638,0.5178,7.3247,2.0772,0.3483,0.5146,0.4207,0.1205
1.46,2.6002e+09,3.1785e+09,1710,0.5644,0.5642,0.5226,7.3266,2.0683,0.3499,0.5226,0.4640,0.1250
1.48,2.4975e+09,3.0437e+09,1710,0.5647,0.5645,0.5111,7.3288,2.0597,0.3498,0.5275,0.5090,0.1300
1.50,2.4043e+09,2.9161e+09,1710,0.5667,0.5664,0.5234,7.3308,2.0523,0.3499,0.5339,0.5518,0.1346
1.52,2.3088e+09,2.7968e+09,1710,0.5675,0.5673,0.5223,7.3334,2.0460,0.3464,0.5350,0.5968,0.1390
1.54,2.2257e+09,2.6850e+09,1710,0.5687,0.5684,0.5273,7.3353,2.0385,0.3459,0.5398,0.6355,0.1431
1.56,2.1455e+09,2.5798e+09,1710,0.5693,0.5690,0.5248,7.3368,2.0300,0.3488,0.5489,0.6679,0.1477
1.58,2.0689e+09,2.4871e+09,1710,0.5714,0.5712,0.5319,7.3390,2.0233,0.3468,0.5513,0.7064,0.1519
1.60,1.9970e+09,2.3901e+09,1710,0.5723,0.5721,0.5296,7.3404,2.0154,0.3497,0.5609,0.7358,0.1562
1.62,1.9275e+09,2.3000e+09,1710,0.5731,0.5728,0.5323,7.3423,2.0085,0.3486,0.5644,0.7702,0.1603
1.64,1.8643e+09,2.2168e+09,1710,0.5740,0.5737,0.5356,7.3445,2.0025,0.3455,0.5648,0.8062,0.1643
1.66,1.8031e+09,2.1400e+09,1710,0.5744,0.5741,0.5332,7.3457,1.9943,0.3491,0.5751,0.8329,0.1686
1.68,1.7430e+09,2.0656e+09,1710,0.5752,0.5749,0.5266,7.3475,1.9879,0.3478,0.5776,0.8645,0.1729
1.70,1.6868e+09,1.9989e+09,1710,0.5770,0.5768,0.5390,7.3491,1.9811,0.3481,0.5828,0.8932,0.1765
1.72,1.6340e+09,1.9332e+09,1710,0.5777,0.5775,0.5395,7.3506,1.9740,0.3491,0.5888,0.9210,0.1811
1.74,1.5825e+09,1.8711e+09,1710,0.5772,0.5770,0.5168,7.3522,1.9671,0.3498,0.5942,0.9487,0.1854
1.76,1.5335e+09,1.8133e+09,1710,0.5798,0.5795,0.5431,7.3540,1.9591,0.3480,0.5940,0.9781,0.1887
1.78,1.4859e+09,1.7582e+09,1710,0.5803,0.5801,0.4699,7.3558,1.9550,0.3454,0.5956,1.0074,0.1925
1.80,1.4405e+09,1.7073e+09,1710,0.5798,0.5798,0.5397,7.3570,1.9475,0.3482,0.6038,1.0315,0.1969
1.82,1.3982e+09,1.6598e+09,1710,0.5821,0.5818,0.5461,7.3587,1.9412,0.3470,0.6057,1.0594,0.2007
1.84,1.3555e+09,1.6133e+09,1710,0.5826,0.5823,0.4776,7.3604,1.9353,0.3452,0.6070,1.0856,0.2064
1.86,1.3156e+09,1.5703e+09,1710,0.5837,0.5835,0.5497,7.3613,1.9277,0.3494,0.6174,1.1069,0.2090
1.88,1.2770e+09,1.5326e+09,1710,0.5834,0.5832,0.5431,7.3628,1.9216,0.3486,0.6198,1.1318,0.2130
1.90,1.2408e+09,1.4924e+09,1710,0.5843,0.5840,0.5446,7.3647,1.9162,0.3448,0.6165,1.1594,0.2164
1.92,1.2057e+09,1.4583e+09,1710,0.5855,0.5853,0.5513,7.3661,1.9098,0.3454,0.6213,1.1820,0.2201
1.94,1.1735e+09,1.4287e+09,1710,0.5855,0.5852,0.5514,7.3672,1.9029,0.3477,0.6284,1.2038,0.2248
1.96,1.1386e+09,1.3960e+09,1710,0.5876,0.5874,0.4396,7.3687,1.8975,0.3459,0.6286,1.2269,0.2279
1.98,1.1109e+09,1.3782e+09,1710,0.5882,0.5879,0.5554,7.3697,1.8901,0.3491,0.6370,1.2483,0.2329
2.00,1.0820e+09,1.3544e+09,1710,0.5891,0.5889,0.5374,7.3710,1.8839,0.3495,0.6408,1.2703,0.2373
2.02,1.0512e+09,1.3389e+09,1710,0.5900,0.5898,0.5508,7.3728,1.8793,0.3451,0.6363,1.2941,0.2400
2.04,1.0225e+09,1.3792e+09,1710,0.5894,0.5892,0.5550,7.3739,1.8731,0.3462,0.6418,1.3138,0.2438
2.06,9.9735e+08,1.3502e+09,1710,0.5916,0.5913,0.5591,7.3751,1.8671,0.3466,0.6451,1.3346,0.2482
2.08,9.7201e+08,1.3159e+09,1710,0.5920,0.5919,0.5567,7.3765,1.8607,0.3459,0.6463,1.3558,0.2520
2.10,9.4664e+08,1.2841e+09,1710,0.5933,0.5933,0.5576,7.3776,1.8555,0.3463,0.6506,1.3757,0.2559
2.12,9.2388e+08,1.2552e+09,1710,0.5951,0.5949,0.5644,7.3784,1.8487,0.3499,0.6596,1.3937,0.2610
2.14,8.9928e+08,1.2250e+09,1710,0.5966,0.5964,0.5639,7.3802,1.8446,0.3449,0.6537,1.4157,0.2636
2.16,8.7720e+08,1.1928e+09,1710,0.5968,0.5966,0.4620,7.3809,1.8371,0.3488,0.6627,1.4321,0.2684
2.18,8.5474e+08,1.1609e+09,1710,0.5985,0.5983,0.5665,7.3820,1.8322,0.3486,0.6659,1.4505,0.2721
2.20,8.3517e+08,1.1398e+09,1710,0.5988,0.5986,0.5620,7.3832,1.8262,0.3483,0.6674,1.4700,0.2765
2.22,8.1462e+08,1.1092e+09,1710,0.5999,0.5997,0.5650,7.3843,1.8216,0.3491,0.6724,1.4876,0.2800
2.24,7.9541e+08,1.0795e+09,1710,0.6016,0.6014,0.5651,7.3859,1.8160,0.3452,0.6666,1.5086,0.2828
2.26,7.7695e+08,1.0553e+09,1710,0.6029,0.6027,0.5760,7.3870,1.8113,0.3448,0.6691,1.5268,0.2869
2.28,7.5962e+08,1.0329e+09,1710,0.6029,0.6027,0.5716,7.3878,1.8049,0.3474,0.6760,1.5434,0.2916
2.30,7.4125e+08,1.0095e+09,1710,0.6041,0.6039,0.4918,7.3890,1.8005,0.3465,0.6775,1.5611,0.2950
2.32,7.2448e+08,9.8322e+08,1710,0.6061,0.6060,0.5054,7.3901,1.7955,0.3461,0.6792,1.5785,0.2985
2.34,7.0899e+08,9.5811e+08,1710,0.6074,0.6072,0.4802,7.3913,1.7903,0.3452,0.6798,1.5968,0.3024
2.36,6.9175e+08,9.3529e+08,1710,0.6085,0.6083,0.4615,7.3921,1.7843,0.3462,0.6840,1.6115,0.3066
2.38,6.7651e+08,9.1412e+08,1710,0.6096,0.6094,0.5789,7.3930,1.7794,0.3475,0.6889,1.6277,0.3113
2.40,6.6164e+08,8.9154e+08,1710,0.6103,0.6101,0.5824,7.3940,1.7740,0.3480,0.6920,1.6436,0.3152
2.42,6.4721e+08,8.7040e+08,1710,0.6113,0.6111,0.5363,7.3954,1.7703,0.3448,0.6885,1.6620,0.3180
2.44,6.3196e+08,8.5181e+08,1710,0.6126,0.6124,0.5806,7.3957,1.7640,0.3494,0.6997,1.6741,0.3234
2.46,6.1922e+08,8.3434e+08,1710,0.6144,0.6143,0.5891,7.3972,1.7597,0.3460,0.6953,1.6925,0.3258
2.48,6.0553e+08,8.1520e+08,1710,0.6146,0.6145,0.5525,7.3982,1.7551,0.3457,0.6972,1.7081,0.3294
2.50,5.9336e+08,7.9528e+08,1710,0.6163,0.6162,0.5914,7.3992,1.7505,0.3458,0.6995,1.7239,0.3337
2.52,5.8004e+08,7.7598e+08,1710,0.6173,0.6172,0.5462,7.4002,1.7462,0.3446,0.6995,1.7390,0.3368
2.54,5.6843e+08,7.6119e+08,1710,0.6181,0.6180,0.5927,7.4009,1.7405,0.3466,0.7051,1.7534,0.3417
2.56,5.5608e+08,7.4264e+08,1710,0.6182,0.6181,0.5735,7.4020,1.7360,0.3452,0.7045,1.7683,0.3450
2.58,5.4516e+08,7.2648e+08,1710,0.6216,0.6214,0.5503,7.4028,1.7314,0.3470,0.7105,1.7828,0.3496
2.60,5.3342e+08,7.1374e+08,1710,0.6227,0.6226,0.5971,7.4036,1.7268,0.3478,0.7145,1.7963,0.3536
2.62,5.2358e+08,6.9414e+08,1710,0.6236,0.6235,0.5954,7.4045,1.7219,0.3477,0.7161,1.8116,0.3577
2.64,5.1307e+08,6.8017e+08,1710,0.6250,0.6249,0.5945,7.4054,1.7172,0.3474,0.7175,1.8258,0.3617
2.66,5.0267e+08,6.6457e+08,1710,0.6255,0.6254,0.6037,7.4061,1.7127,0.3489,0.7228,1.8390,0.3662
2.68,4.9287e+08,6.5012e+08,1710,0.6261,0.6260,0.5942,7.4073,1.7086,0.3467,0.7201,1.8543,0.3690
2.70,4.8335e+08,6.3701e+08,1710,0.6291,0.6290,0.6051,7.4083,1.7042,0.3458,0.7203,1.8689,0.3728
2.72,4.7379e+08,6.2477e+08,1710,0.6319,0.6317,0.5395,7.4087,1.6993,0.3491,0.7288,1.8803,0.3778
2.74,4.6484e+08,6.0920e+08,1710,0.6327,0.6325,0.6091,7.4095,1.6946,0.3500,0.7324,1.8938,0.3824
2.76,4.5651e+08,5.9679e+08,1710,0.6350,0.6349,0.6108,7.4107,1.6901,0.3466,0.7270,1.9092,0.3852
2.78,4.4763e+08,5.8760e+08,1710,0.6357,0.6356,0.6089,7.4114,1.6862,0.3484,0.7330,1.9216,0.3893
2.80,4.3907e+08,5.7207e+08,1710,0.6371,0.6370,0.6143,7.4123,1.6822,0.3472,0.7325,1.9352,0.3926
3.00,3.6707e+08,4.6820e+08,1710,0.6592,0.6591,0.6378,7.4202,1.6403,0.3487,0.7530,2.0610,0.4333
3.20,3.1019e+08,3.8884e+08,1710,0.6891,0.6890,0.6713,7.4274,1.6020,0.3491,0.7697,2.1756,0.4730
3.40,2.6580e+08,3.2706e+08,1710,0.7240,0.7239,0.7050,7.4344,1.5660,0.3483,0.7827,2.2835,0.5124
3.60,2.2997e+08,2.7867e+08,1710,0.7613,0.7613,0.7497,7.4409,1.5326,0.3470,0.7937,2.3836,0.5512
3.80,2.0060e+08,2.4131e+08,1710,0.7974,0.7973,0.7783,7.4469,1.5013,0.3458,0.8040,2.4764,0.5897
4.00,1.7645e+08,2.0966e+08,1710,0.8198,0.8198,0.8016,7.4523,1.4715,0.3472,0.8190,2.5625,0.6309
4.20,1.5700e+08,1.8480e+08,1409,1.0316,0.8375,0.8271,7.4578,1.4432,0.3456,0.8273,2.6465,0.6712
4.40,1.3988e+08,1.6366e+08,1409,1.0551,0.8534,0.8458,7.4623,1.4168,0.3480,0.8434,2.7208,0.7138
4.60,1.2552e+08,1.4687e+08,1710,0.8681,0.8681,0.8525,7.4668,1.3918,0.3497,0.8574,2.7920,0.7568
4.80,1.1316e+08,1.3125e+08,1710,0.8807,0.8806,0.8610,7.4711,1.3684,0.3498,0.8679,2.8600,0.7988
5.00,1.0246e+08,1.1865e+08,1710,0.8979,0.8979,0.8907,7.4758,1.3473,0.3447,0.8673,2.9268,0.8354
5.20,9.3884e+07,1.0817e+08,1710,0.9128,0.9128,0.9064,7.4797,1.3250,0.3463,0.8801,2.9903,0.8827
5.40,8.6055e+07,9.8946e+07,1710,0.9288,0.9288,0.9230,7.4836,1.3046,0.3452,0.8874,3.0506,0.9267
5.60,7.9152e+07,9.0824e+07,1710,0.9439,0.9438,0.9387,7.4869,1.2847,0.3481,0.9024,3.1059,0.9756
5.80,7.4072e+07,8.4240e+07,808,5.6688,0.9910,0.8911,7.4908,1.2639,0.3483,0.9115,3.1671,1.0308
6.00,6.7288e+07,7.6962e+07,1409,1.2033,0.9776,0.9717,7.4934,1.2491,0.3483,0.9201,3.2092,1.0672
6.20,6.3376e+07,7.1983e+07,1710,0.9974,0.9973,0.9922,7.4972,1.2295,0.3474,0.9269,3.2683,1.1246
6.40,5.8539e+07,6.6643e+07,1710,1.0241,1.0241,1.0194,7.5001,1.2145,0.3471,0.9340,3.3125,1.1694
6.60,5.4802e+07,6.2125e+07,1409,1.2786,1.0370,1.0327,7.5029,1.1984,0.3478,0.9436,3.3589,1.2220
6.80,5.1421e+07,5.8196e+07,1710,1.0600,1.0599,1.0555,7.5060,1.1835,0.3457,0.9473,3.4052,1.2714
7.00,4.8335e+07,5.4653e+07,808,6.8215,1.1474,1.0475,7.5085,1.1686,0.3473,0.9583,3.4473,1.3262
7.20,4.5660e+07,5.1526e+07,1710,1.1333,1.1333,1.1056,7.5109,1.1536,0.3497,0.9703,3.4893,1.3873
7.40,4.3042e+07,4.8561e+07,1710,1.2500,1.1845,1.1597,7.5134,1.1402,0.3496,0.9773,3.5289,1.4416
7.60,4.0696e+07,4.5810e+07,808,7.2825,1.2652,1.1654,7.5163,1.1279,0.3460,0.9774,3.5697,1.4916
7.80,3.8735e+07,4.3518e+07,808,7.4103,1.3107,1.2111,7.5189,1.1149,0.3450,0.9826,3.6094,1.5487
8.00,3.6967e+07,4.1450e+07,808,7.5524,1.3507,1.2507,7.5211,1.1016,0.3466,0.9926,3.6477,1.6152
9.00,2.9513e+07,3.2899e+07,808,8.3546,2.3301,1.3749,7.5314,1.0447,0.3479,1.0280,3.8177,1.9316
10.00,2.4186e+07,2.6954e+07,808,9.3329,2.5996,1.5295,7.5390,1.0016,0.3496,1.0575,3.9457,2.2165
11.00,2.0557e+07,2.2764e+07,808,10.0303,2.9040,1.7336,7.5473,0.9575,0.3498,1.0846,4.0819,2.5950
12.00,1.7722e+07,1.9575e+07,808,10.7236,3.2991,2.0024,7.5545,0.9182,0.3499,1.1130,4.2026,2.9901
13.00,1.5660e+07,1.7337e+07,808,11.9845,3.6883,2.2275,7.5612,0.8837,0.3485,1.1354,4.3114,3.4148
14.00,1.4050e+07,1.5577e+07,808,11.7313,4.0147,2.4551,7.5667,0.8531,0.3495,1.1595,4.4062,3.8530
15.00,1.2754e+07,1.4173e+07,808,11.5513,4.5389,2.7862,7.5719,0.8259,0.3493,1.1797,4.4929,4.3087
16.00,1.1695e+07,1.2990e+07,808,11.8736,4.8827,3.0109,7.5765,0.8011,0.3495,1.1991,4.5717,4.7793
17.00,1.0821e+07,1.2002e+07,808,12.2775,5.2410,3.2753,7.5807,0.7784,0.3499,1.2183,4.6440,5.2677
18.00,1.0141e+07,1.1220e+07,808,11.9828,5.7403,3.6433,7.5847,0.7570,0.3500,1.2340,4.7141,5.8082
19.00,9.4705e+06,1.0479e+07,808,13.0953,6.0700,3.9038,7.5882,0.7383,0.3499,1.2515,4.7733,6.2894
20.00,8.9670e+06,9.9050e+06,808,12.9409,6.5308,4.2491,7.5916,0.7203,0.3499,1.2668,4.8329,6.8416
22.00,8.1013e+06,8.9445e+06,808,13.9540,7.3580,4.8757,7.5976,0.6885,0.3499,1.2967,4.9369,7.9326
24.00,7.4550e+06,8.2280e+06,808,14.1014,8.2466,5.5421,7.6028,0.6604,0.3500,1.3238,5.0297,9.0775
26.00,6.9275e+06,7.6394e+06,808,14.0477,9.1904,6.2784,7.6074,0.6355,0.3500,1.3450,5.1111,10.2272
28.00,6.5115e+06,7.1728e+06,808,16.1363,9.9824,6.9012,7.6116,0.6136,0.3500,1.3619,5.1857,11.4603
30.00,6.1356e+06,6.7537e+06,808,15.9452,11.0039,7.7365,7.6152,0.5939,0.3500,1.3849,5.2501,12.6235
32.00,5.8122e+06,6.4105e+06,808,20.1758,11.2264,7.8594,7.6184,0.5762,0.3500,1.4023,5.3079,13.7756
34.00,5.5388e+06,6.1002e+06,808,19.5887,12.5677,8.8899,7.6214,0.5601,0.3500,1.4169,5.3618,14.9847
36.00,5.3750e+06,5.9023e+06,808,22.5154,13.5708,9.7112,7.6244,0.5451,0.3500,1.4273,5.4178,16.4664
38.00,5.1735e+06,5.1949e+06,631,32.6082,13.7185,0.0000,7.6269,0.5316,0.3500,1.4440,5.4636,17.7118
40.00,4.9735e+06,4.9944e+06,631,33.8896,14.5777,0.0000,7.6292,0.5187,0.3500,1.4554,5.5058,18.9298
45.00,4.5998e+06,5.0468e+06,808,24.2912,18.9134,14.2902,7.6343,0.4903,0.3500,1.4863,5.6001,22.0145
50.00,4.2926e+06,4.3079e+06,631,39.4087,19.4223,0.0000,7.6386,0.4664,0.3495,1.5123,5.6790,25.0098
55.00,4.0991e+06,4.4889e+06,808,21.8841,21.8841,17.0902,7.6428,0.4462,0.3467,1.5337,5.7547,28.5112
60.00,3.9608e+06,4.3312e+06,808,23.2974,23.2974,18.5377,7.6463,0.4270,0.3492,1.5671,5.8252,32.8492
65.00,3.8358e+06,4.1938e+06,808,26.6824,26.6824,21.3927,7.6499,0.4114,0.3454,1.5832,5.8870,36.6290
70.00,3.7087e+06,4.0583e+06,808,28.0172,28.0172,22.5229,7.6535,0.3990,0.3369,1.5853,5.9409,39.7156
75.00,3.5963e+06,3.9389e+06,808,26.1555,26.1555,21.0645,7.6547,0.3810,0.3485,1.6311,5.9852,43.5326
80.00,3.3518e+06,3.6868e+06,808,32.3114,32.3114,26.2633,7.6580,0.3684,0.3373,1.6244,6.0302,45.6198
85.00,3.5480e+06,3.9411e+06,808,13.3498,13.3498,10.3195,7.6601,0.3628,0.3385,1.6448,6.0726,50.7671
90.00,3.4906e+06,3.8859e+06,808,13.1532,13.1532,10.1729,7.6611,0.3487,0.3479,1.6823,6.1083,54.9442
95.00,3.5884e+06,4.0074e+06,808,11.8135,11.8135,8.7092,7.6644,0.3462,0.3339,1.6657,6.1467,58.6110
100.00,3.5734e+06,3.9974e+06,808,11.5866,11.5866,8.3740,7.6648,0.3331,0.3449,1.7043,6.1757,62.7306
105.00,3.5376e+06,3.9623e+06,808,11.5509,11.5509,8.3704,7.6664,0.3254,0.3431,1.7130,6.2048,66.0924
110.00,3.4721e+06,3.8951e+06,808,11.6467,11.6467,8.4822,7.6672,0.3143,0.3486,1.7380,6.2322,69.7724
115.00,3.3880e+06,3.8079e+06,808,11.8053,11.8053,8.6549,7.6688,0.3051,0.3467,1.7470,6.2617,73.1404
120.00,3.3422e+06,3.7611e+06,808,11.8628,11.8628,8.6815,7.6698,0.2964,0.3495,1.7644,6.2861,76.7428
125.00,3.2539e+06,3.6684e+06,808,12.1075,12.1075,8.9943,7.6724,0.2916,0.3371,1.7494,6.3153,79.3614
130.00,3.1799e+06,3.5910e+06,808,12.3050,12.3050,9.3484,7.6727,0.2798,0.3452,1.7793,6.3393,83.4037
135.00,3.0732e+06,3.4768e+06,808,12.7661,12.7661,9.8372,7.6744,0.2730,0.3396,1.7778,6.3634,85.9675
140.00,2.9650e+06,3.3587e+06,808,13.4553,13.4553,10.4344,7.6744,0.2604,0.3498,1.8114,6.3843,89.7743
145.00,2.8897e+06,3.2784e+06,808,13.8358,13.8358,10.7677,7.6759,0.2542,0.3446,1.8100,6.4057,92.1941
150.00,2.8351e+06,3.2227e+06,808,13.9494,13.9494,10.8780,7.6766,0.2460,0.3464,1.8238,6.4256,95.3612
175.00,2.7217e+06,3.1080e+06,808,14.0710,14.0710,10.9403,7.6815,0.2184,0.3409,1.8556,6.5182,112.5178
200.00,2.6631e+06,3.0510e+06,808,13.9459,13.9459,10.8550,7.6858,0.1959,0.3350,1.8807,6.5974,130.3348
225.00,2.6472e+06,3.0392e+06,808,13.6388,13.6388,10.5898,7.6881,0.1719,0.3437,1.9338,6.6644,150.9247
250.00,2.6050e+06,2.9967e+06,808,13.6496,13.6496,10.5920,7.6902,0.1500,0.3500,1.9775,6.7230,170.3460
275.00,2.5583e+06,2.9492e+06,808,13.7459,13.7459,10.6767,7.6928,0.1337,0.3473,1.9984,6.7756,188.1975
300.00,2.5089e+06,2.8973e+06,808,13.9338,13.9338,10.8671,7.6948,0.1174,0.3481,2.0248,6.8233,206.8130
