bjd,rv,err
2453927.05042,40.54,0.97
2453927.05119,43.65,0.96
2453927.05193,44.63,0.94
2453982.84764,2.21,0.94
2453982.84838,1.17,1.04
2453982.84911,1.02,1.12
2454085.79536,-72.53,1.10
2454085.79753,-71.59,1.11
2454085.79838,-74.79,1.03
2454337.09242,31.91,1.17
2454398.85734,-73.58,1.19
2454806.76933,33.55,1.17
2454838.73284,-75.22,1.28
2454964.13091,21.52,1.16
2454984.10000,16.37,1.16
2454985.11823,33.46,1.04
2455015.05197,10.16,1.06
2455016.06613,-59.96,1.04
2455019.01926,31.43,1.11
2455041.92598,-67.48,1.21
2455078.07733,33.52,1.23
2455106.75970,13.81,1.30
2455135.72270,-31.37,1.28
2455189.68934,-73.86,1.15
2455190.69359,-38.07,1.25
2455192.68814,10.64,1.21
2455379.09473,-2.82,1.02
2455404.92659,-43.54,1.13
2455435.04209,-66.83,1.18
2455704.08260,37.47,1.11
2455722.10830,-28.39,1.04
2455729.11002,37.32,1.03
2455732.02669,-51.46,0.99
2455732.02990,-51.14,1.05
2455753.07133,-61.00,1.13
2455782.85598,-48.62,1.28
2455841.77766,-65.39,1.15
2456077.13053,0.00,1.11
2456477.10257,-13.16,1.28
2456529.88022,-3.16,1.18
2456584.73613,6.53,1.30
2456639.68183,9.25,1.13
2456676.74500,35.80,1.20
