m,r,t,rho,p,l,x,he3,c12,n14,o16
0.0000004,0.00160,1.5670e+07,1.5290e+02,2.3570e+17,0.00000,0.34608,7.580e-06,1.050e-05,4.900e-03,8.570e-03
0.0000010,0.00207,1.5670e+07,1.5290e+02,2.3570e+17,0.00001,0.34611,7.580e-06,1.050e-05,4.900e-03,8.580e-03
0.0000015,0.00239,1.5670e+07,1.5290e+02,2.3570e+17,0.00001,0.34614,7.580e-06,1.050e-05,4.900e-03,8.580e-03
0.0000020,0.00265,1.5670e+07,1.5290e+02,2.3570e+17,0.00002,0.34618,7.590e-06,1.050e-05,4.900e-03,8.580e-03
0.0000026,0.00287,1.5670e+07,1.5290e+02,2.3560e+17,0.00002,0.34621,7.590e-06,1.050e-05,4.900e-03,8.580e-03
0.0000031,0.00307,1.5660e+07,1.5290e+02,2.3560e+17,0.00003,0.34624,7.590e-06,1.050e-05,4.900e-03,8.590e-03
0.0000038,0.00326,1.5660e+07,1.5280e+02,2.3560e+17,0.00003,0.34628,7.590e-06,1.050e-05,4.900e-03,8.590e-03
0.0000044,0.00342,1.5660e+07,1.5280e+02,2.3560e+17,0.00004,0.34631,7.600e-06,1.050e-05,4.900e-03,8.590e-03
0.0000050,0.00357,1.5660e+07,1.5280e+02,2.3560e+17,0.00004,0.34634,7.600e-06,1.050e-05,4.900e-03,8.590e-03
0.0000056,0.00373,1.5660e+07,1.5280e+02,2.3550e+17,0.00005,0.34637,7.600e-06,1.050e-05,4.900e-03,8.590e-03
0.0000062,0.00385,1.5660e+07,1.5280e+02,2.3550e+17,0.00005,0.34640,7.600e-06,1.050e-05,4.900e-03,8.590e-03
0.0000068,0.00397,1.5660e+07,1.5280e+02,2.3550e+17,0.00006,0.34642,7.610e-06,1.050e-05,4.900e-03,8.590e-03
0.0000074,0.00409,1.5660e+07,1.5280e+02,2.3550e+17,0.00006,0.34645,7.610e-06,1.050e-05,4.900e-03,8.590e-03
0.0000082,0.00422,1.5660e+07,1.5280e+02,2.3550e+17,0.00007,0.34648,7.610e-06,1.050e-05,4.900e-03,8.590e-03
0.0000090,0.00436,1.5660e+07,1.5270e+02,2.3550e+17,0.00008,0.34652,7.610e-06,1.050e-05,4.900e-03,8.590e-03
0.0000099,0.00449,1.5660e+07,1.5270e+02,2.3540e+17,0.00008,0.34655,7.610e-06,1.050e-05,4.900e-03,8.590e-03
0.0000108,0.00464,1.5660e+07,1.5270e+02,2.3540e+17,0.00009,0.34659,7.620e-06,1.050e-05,4.900e-03,8.590e-03
0.0000114,0.00472,1.5660e+07,1.5270e+02,2.3540e+17,0.00010,0.34662,7.620e-06,1.050e-05,4.900e-03,8.590e-03
0.0000120,0.00480,1.5660e+07,1.5270e+02,2.3540e+17,0.00010,0.34664,7.620e-06,1.050e-05,4.900e-03,8.590e-03
0.0000125,0.00487,1.5660e+07,1.5270e+02,2.3540e+17,0.00011,0.34666,7.620e-06,1.050e-05,4.900e-03,8.590e-03
0.0000131,0.00495,1.5660e+07,1.5270e+02,2.3540e+17,0.00011,0.34668,7.620e-06,1.050e-05,4.900e-03,8.590e-03
0.0000137,0.00502,1.5660e+07,1.5270e+02,2.3540e+17,0.00012,0.34670,7.630e-06,1.050e-05,4.900e-03,8.590e-03
0.0000144,0.00510,1.5660e+07,1.5270e+02,2.3540e+17,0.00012,0.34672,7.630e-06,1.050e-05,4.900e-03,8.590e-03
0.0000151,0.00518,1.5660e+07,1.5270e+02,2.3530e+17,0.00013,0.34675,7.630e-06,1.050e-05,4.900e-03,8.590e-03
0.0000158,0.00526,1.5660e+07,1.5260e+02,2.3530e+17,0.00013,0.34677,7.630e-06,1.050e-05,4.910e-03,8.590e-03
0.0000165,0.00534,1.5660e+07,1.5260e+02,2.3530e+17,0.00014,0.34680,7.630e-06,1.050e-05,4.910e-03,8.590e-03
0.0000173,0.00542,1.5660e+07,1.5260e+02,2.3530e+17,0.00015,0.34682,7.630e-06,1.050e-05,4.910e-03,8.600e-03
0.0000181,0.00551,1.5660e+07,1.5260e+02,2.3530e+17,0.00015,0.34685,7.640e-06,1.050e-05,4.910e-03,8.600e-03
0.0000190,0.00559,1.5660e+07,1.5260e+02,2.3530e+17,0.00016,0.34688,7.640e-06,1.050e-05,4.910e-03,8.600e-03
0.0000199,0.00568,1.5660e+07,1.5260e+02,2.3530e+17,0.00017,0.34691,7.640e-06,1.050e-05,4.910e-03,8.600e-03
0.0000208,0.00577,1.5660e+07,1.5260e+02,2.3520e+17,0.00018,0.34694,7.640e-06,1.050e-05,4.910e-03,8.600e-03
0.0000218,0.00586,1.5660e+07,1.5260e+02,2.3520e+17,0.00018,0.34697,7.640e-06,1.050e-05,4.910e-03,8.600e-03
0.0000228,0.00595,1.5660e+07,1.5260e+02,2.3520e+17,0.00019,0.34700,7.650e-06,1.050e-05,4.910e-03,8.600e-03
0.0000239,0.00604,1.5660e+07,1.5250e+02,2.3520e+17,0.00020,0.34703,7.650e-06,1.050e-05,4.910e-03,8.600e-03
0.0000250,0.00613,1.5660e+07,1.5250e+02,2.3520e+17,0.00021,0.34707,7.650e-06,1.050e-05,4.910e-03,8.600e-03
0.0000262,0.00623,1.5650e+07,1.5250e+02,2.3520e+17,0.00022,0.34710,7.650e-06,1.050e-05,4.910e-03,8.600e-03
0.0000274,0.00633,1.5650e+07,1.5250e+02,2.3510e+17,0.00023,0.34714,7.660e-06,1.050e-05,4.910e-03,8.600e-03
0.0000287,0.00642,1.5650e+07,1.5250e+02,2.3510e+17,0.00024,0.34718,7.660e-06,1.050e-05,4.910e-03,8.600e-03
0.0000301,0.00652,1.5650e+07,1.5250e+02,2.3510e+17,0.00025,0.34721,7.660e-06,1.050e-05,4.910e-03,8.600e-03
0.0000314,0.00662,1.5650e+07,1.5250e+02,2.3510e+17,0.00027,0.34725,7.660e-06,1.050e-05,4.910e-03,8.600e-03
0.0000331,0.00673,1.5650e+07,1.5240e+02,2.3510e+17,0.00028,0.34730,7.670e-06,1.050e-05,4.910e-03,8.600e-03
0.0000354,0.00688,1.5650e+07,1.5240e+02,2.3500e+17,0.00030,0.34736,7.670e-06,1.050e-05,4.910e-03,8.600e-03
0.0000376,0.00703,1.5650e+07,1.5240e+02,2.3500e+17,0.00032,0.34742,7.680e-06,1.050e-05,4.910e-03,8.600e-03
0.0000397,0.00715,1.5650e+07,1.5240e+02,2.3500e+17,0.00034,0.34747,7.680e-06,1.050e-05,4.910e-03,8.600e-03
0.0000422,0.00730,1.5650e+07,1.5230e+02,2.3490e+17,0.00036,0.34753,7.690e-06,1.050e-05,4.910e-03,8.600e-03
0.0000448,0.00745,1.5650e+07,1.5230e+02,2.3490e+17,0.00038,0.34760,7.690e-06,1.050e-05,4.910e-03,8.600e-03
0.0000481,0.00763,1.5650e+07,1.5230e+02,2.3480e+17,0.00041,0.34768,7.700e-06,1.050e-05,4.910e-03,8.600e-03
0.0000510,0.00778,1.5650e+07,1.5230e+02,2.3480e+17,0.00043,0.34775,7.700e-06,1.050e-05,4.910e-03,8.600e-03
0.0000544,0.00795,1.5650e+07,1.5220e+02,2.3480e+17,0.00046,0.34783,7.710e-06,1.050e-05,4.910e-03,8.600e-03
0.0000587,0.00815,1.5650e+07,1.5220e+02,2.3470e+17,0.00050,0.34792,7.710e-06,1.050e-05,4.910e-03,8.610e-03
0.0000632,0.00836,1.5640e+07,1.5220e+02,2.3470e+17,0.00054,0.34802,7.720e-06,1.050e-05,4.910e-03,8.610e-03
0.0000681,0.00857,1.5640e+07,1.5210e+02,2.3460e+17,0.00058,0.34813,7.730e-06,1.050e-05,4.910e-03,8.610e-03
0.0000734,0.00879,1.5640e+07,1.5210e+02,2.3460e+17,0.00062,0.34824,7.740e-06,1.050e-05,4.910e-03,8.610e-03
0.0000792,0.00901,1.5640e+07,1.5200e+02,2.3450e+17,0.00067,0.34836,7.750e-06,1.050e-05,4.910e-03,8.610e-03
0.0000853,0.00924,1.5640e+07,1.5200e+02,2.3440e+17,0.00072,0.34849,7.750e-06,1.040e-05,4.910e-03,8.610e-03
0.0000920,0.00947,1.5640e+07,1.5190e+02,2.3440e+17,0.00078,0.34862,7.760e-06,1.040e-05,4.910e-03,8.610e-03
0.0000992,0.00972,1.5640e+07,1.5190e+02,2.3430e+17,0.00084,0.34875,7.770e-06,1.040e-05,4.910e-03,8.610e-03
0.0001069,0.00996,1.5630e+07,1.5180e+02,2.3420e+17,0.00090,0.34890,7.780e-06,1.040e-05,4.910e-03,8.610e-03
0.0001152,0.01022,1.5630e+07,1.5180e+02,2.3410e+17,0.00098,0.34905,7.800e-06,1.040e-05,4.910e-03,8.610e-03
0.0001242,0.01048,1.5630e+07,1.5170e+02,2.3400e+17,0.00105,0.34921,7.810e-06,1.040e-05,4.910e-03,8.620e-03
0.0001338,0.01074,1.5630e+07,1.5160e+02,2.3400e+17,0.00113,0.34937,7.820e-06,1.040e-05,4.910e-03,8.620e-03
0.0001441,0.01101,1.5630e+07,1.5160e+02,2.3390e+17,0.00122,0.34955,7.830e-06,1.040e-05,4.910e-03,8.620e-03
0.0001552,0.01129,1.5630e+07,1.5150e+02,2.3380e+17,0.00131,0.34973,7.850e-06,1.040e-05,4.910e-03,8.620e-03
0.0001672,0.01157,1.5620e+07,1.5140e+02,2.3370e+17,0.00141,0.34992,7.860e-06,1.040e-05,4.910e-03,8.620e-03
0.0001801,0.01186,1.5620e+07,1.5130e+02,2.3360e+17,0.00152,0.35012,7.870e-06,1.040e-05,4.910e-03,8.620e-03
0.0001940,0.01216,1.5620e+07,1.5130e+02,2.3340e+17,0.00164,0.35034,7.890e-06,1.040e-05,4.910e-03,8.630e-03
0.0002090,0.01247,1.5620e+07,1.5120e+02,2.3330e+17,0.00177,0.35056,7.910e-06,1.040e-05,4.910e-03,8.630e-03
0.0002251,0.01278,1.5610e+07,1.5110e+02,2.3320e+17,0.00190,0.35079,7.920e-06,1.040e-05,4.910e-03,8.630e-03
0.0002423,0.01310,1.5610e+07,1.5100e+02,2.3310e+17,0.00205,0.35104,7.940e-06,1.040e-05,4.910e-03,8.630e-03
0.0002606,0.01342,1.5610e+07,1.5090e+02,2.3290e+17,0.00220,0.35129,7.960e-06,1.040e-05,4.910e-03,8.630e-03
0.0002825,0.01379,1.5600e+07,1.5080e+02,2.3280e+17,0.00238,0.35159,7.980e-06,1.040e-05,4.910e-03,8.640e-03
0.0003138,0.01429,1.5600e+07,1.5060e+02,2.3260e+17,0.00265,0.35199,8.010e-06,1.040e-05,4.910e-03,8.640e-03
0.0003531,0.01486,1.5590e+07,1.5040e+02,2.3230e+17,0.00297,0.35249,8.050e-06,1.040e-05,4.910e-03,8.640e-03
0.0003864,0.01532,1.5590e+07,1.5030e+02,2.3210e+17,0.00325,0.35289,8.080e-06,1.040e-05,4.910e-03,8.650e-03
0.0004268,0.01584,1.5580e+07,1.5010e+02,2.3190e+17,0.00359,0.35337,8.120e-06,1.040e-05,4.910e-03,8.650e-03
0.0004761,0.01643,1.5580e+07,1.4990e+02,2.3160e+17,0.00400,0.35393,8.160e-06,1.040e-05,4.910e-03,8.650e-03
0.0005341,0.01708,1.5570e+07,1.4960e+02,2.3120e+17,0.00449,0.35456,8.210e-06,1.040e-05,4.910e-03,8.660e-03
0.0005930,0.01769,1.5560e+07,1.4940e+02,2.3090e+17,0.00498,0.35518,8.250e-06,1.040e-05,4.910e-03,8.660e-03
0.0006575,0.01832,1.5560e+07,1.4910e+02,2.3060e+17,0.00551,0.35583,8.300e-06,1.030e-05,4.910e-03,8.670e-03
0.0007325,0.01900,1.5550e+07,1.4880e+02,2.3020e+17,0.00614,0.35657,8.360e-06,1.030e-05,4.910e-03,8.670e-03
0.0008146,0.01969,1.5540e+07,1.4860e+02,2.2980e+17,0.00682,0.35734,8.420e-06,1.030e-05,4.910e-03,8.680e-03
0.0008980,0.02035,1.5530e+07,1.4830e+02,2.2940e+17,0.00751,0.35810,8.480e-06,1.030e-05,4.910e-03,8.690e-03
0.0010032,0.02112,1.5520e+07,1.4790e+02,2.2890e+17,0.00838,0.35903,8.550e-06,1.030e-05,4.910e-03,8.690e-03
0.0011107,0.02186,1.5510e+07,1.4760e+02,2.2840e+17,0.00926,0.35994,8.620e-06,1.030e-05,4.910e-03,8.700e-03
0.0012455,0.02273,1.5500e+07,1.4710e+02,2.2780e+17,0.01037,0.36104,8.710e-06,1.030e-05,4.910e-03,8.710e-03
0.0014415,0.02388,1.5480e+07,1.4660e+02,2.2700e+17,0.01198,0.36257,8.830e-06,1.020e-05,4.910e-03,8.720e-03
0.0016420,0.02496,1.5460e+07,1.4600e+02,2.2630e+17,0.01362,0.36406,8.950e-06,1.020e-05,4.910e-03,8.730e-03
0.0018904,0.02618,1.5440e+07,1.4530e+02,2.2530e+17,0.01564,0.36582,9.100e-06,1.020e-05,4.910e-03,8.740e-03
0.0021443,0.02733,1.5420e+07,1.4470e+02,2.2450e+17,0.01769,0.36754,9.240e-06,1.020e-05,4.910e-03,8.750e-03
0.0025064,0.02883,1.5400e+07,1.4380e+02,2.2320e+17,0.02061,0.36988,9.440e-06,1.010e-05,4.910e-03,8.770e-03
0.0028767,0.03022,1.5370e+07,1.4300e+02,2.2210e+17,0.02358,0.37214,9.630e-06,1.010e-05,4.910e-03,8.780e-03
0.0032745,0.03159,1.5340e+07,1.4210e+02,2.2090e+17,0.02676,0.37446,9.830e-06,1.010e-05,4.910e-03,8.790e-03
0.0037690,0.03315,1.5310e+07,1.4110e+02,2.1950e+17,0.03067,0.37720,1.010e-05,1.000e-05,4.910e-03,8.810e-03
0.0043852,0.03493,1.5270e+07,1.3990e+02,2.1780e+17,0.03552,0.38044,1.040e-05,9.990e-06,4.910e-03,8.830e-03
0.0051172,0.03685,1.5230e+07,1.3860e+02,2.1590e+17,0.04122,0.38408,1.070e-05,9.930e-06,4.910e-03,8.850e-03
0.0060672,0.03909,1.5180e+07,1.3700e+02,2.1360e+17,0.04855,0.38852,1.110e-05,9.870e-06,4.910e-03,8.870e-03
0.0073154,0.04173,1.5110e+07,1.3510e+02,2.1080e+17,0.05805,0.39398,1.170e-05,9.780e-06,4.910e-03,8.890e-03
0.0086453,0.04425,1.5050e+07,1.3310e+02,2.0810e+17,0.06802,0.39941,1.230e-05,9.700e-06,4.910e-03,8.920e-03
0.0104421,0.04730,1.4970e+07,1.3070e+02,2.0460e+17,0.08127,0.40625,1.300e-05,9.600e-06,4.910e-03,8.940e-03
0.0129940,0.05113,1.4860e+07,1.2760e+02,2.0000e+17,0.09965,0.41519,1.400e-05,9.460e-06,4.900e-03,8.970e-03
0.0157182,0.05475,1.4750e+07,1.2470e+02,1.9560e+17,0.11876,0.42396,1.510e-05,9.320e-06,4.900e-03,8.990e-03
0.0184623,0.05803,1.4650e+07,1.2190e+02,1.9140e+17,0.13751,0.43215,1.620e-05,9.200e-06,4.900e-03,9.010e-03
0.0222554,0.06214,1.4520e+07,1.1840e+02,1.8610e+17,0.16266,0.44262,1.780e-05,9.030e-06,4.900e-03,9.030e-03
0.0256820,0.06551,1.4400e+07,1.1560e+02,1.8170e+17,0.18466,0.45138,1.920e-05,8.890e-06,4.900e-03,9.050e-03
0.0291007,0.06864,1.4300e+07,1.1290e+02,1.7760e+17,0.20597,0.45958,2.060e-05,8.750e-06,4.890e-03,9.060e-03
0.0334057,0.07229,1.4170e+07,1.0980e+02,1.7270e+17,0.23193,0.46925,2.240e-05,8.590e-06,4.890e-03,9.070e-03
0.0369860,0.07514,1.4070e+07,1.0740e+02,1.6890e+17,0.25284,0.47681,2.390e-05,8.470e-06,4.890e-03,9.070e-03
0.0416689,0.07865,1.3940e+07,1.0450e+02,1.6420e+17,0.27928,0.48612,2.590e-05,8.310e-06,4.890e-03,9.080e-03
0.0458866,0.08163,1.3830e+07,1.0200e+02,1.6020e+17,0.30227,0.49402,2.780e-05,8.170e-06,4.880e-03,9.080e-03
0.0503480,0.08464,1.3710e+07,9.9600e+01,1.5610e+17,0.32577,0.50192,2.990e-05,8.030e-06,4.880e-03,9.080e-03
0.0554071,0.08789,1.3590e+07,9.6990e+01,1.5180e+17,0.35146,0.51039,3.230e-05,7.880e-06,4.880e-03,9.080e-03
0.0605893,0.09106,1.3470e+07,9.4480e+01,1.4760e+17,0.37676,0.51856,3.480e-05,7.730e-06,4.880e-03,9.080e-03
0.0655023,0.09395,1.3360e+07,9.2240e+01,1.4380e+17,0.39984,0.52590,3.730e-05,7.600e-06,4.870e-03,9.070e-03
0.0712124,0.09718,1.3230e+07,8.9780e+01,1.3960e+17,0.42562,0.53396,4.040e-05,7.450e-06,4.870e-03,9.070e-03
0.0766903,0.10016,1.3110e+07,8.7550e+01,1.3580e+17,0.44934,0.54127,4.340e-05,7.310e-06,4.870e-03,9.070e-03
0.0818817,0.10289,1.3010e+07,8.5540e+01,1.3230e+17,0.47095,0.54785,4.640e-05,7.180e-06,4.860e-03,9.060e-03
0.0872931,0.10565,1.2900e+07,8.3540e+01,1.2890e+17,0.49260,0.55438,4.960e-05,7.050e-06,4.860e-03,9.060e-03
0.0939006,0.10893,1.2770e+07,8.1220e+01,1.2480e+17,0.51790,0.56192,5.370e-05,6.890e-06,4.860e-03,9.050e-03
0.1014644,0.11255,1.2620e+07,7.8720e+01,1.2040e+17,0.54538,0.57002,5.870e-05,6.720e-06,4.850e-03,9.050e-03
0.1079108,0.11554,1.2500e+07,7.6700e+01,1.1690e+17,0.56763,0.57652,6.320e-05,6.580e-06,4.850e-03,9.040e-03
0.1143642,0.11847,1.2390e+07,7.4770e+01,1.1340e+17,0.58887,0.58269,6.790e-05,6.450e-06,4.850e-03,9.030e-03
0.1225639,0.12208,1.2240e+07,7.2440e+01,1.0930e+17,0.61445,0.59006,7.420e-05,6.280e-06,4.840e-03,9.030e-03
0.1309280,0.12567,1.2100e+07,7.0190e+01,1.0530e+17,0.63900,0.59710,8.110e-05,6.110e-06,4.840e-03,9.020e-03
0.1379498,0.12861,1.1980e+07,6.8390e+01,1.0200e+17,0.65848,0.60266,8.720e-05,6.000e-06,4.840e-03,9.010e-03
0.1462299,0.13201,1.1850e+07,6.6360e+01,9.8370e+16,0.68019,0.60884,9.490e-05,6.120e-06,4.830e-03,9.000e-03
0.1544306,0.13531,1.1720e+07,6.4440e+01,9.4910e+16,0.70043,0.61458,1.030e-04,7.540e-06,4.830e-03,9.000e-03
0.1617664,0.13820,1.1610e+07,6.2800e+01,9.1940e+16,0.71752,0.61943,1.110e-04,1.250e-05,4.820e-03,8.990e-03
0.1688589,0.14096,1.1500e+07,6.1260e+01,8.9180e+16,0.73319,0.62387,1.190e-04,2.510e-05,4.790e-03,8.980e-03
0.1776317,0.14431,1.1370e+07,5.9440e+01,8.5890e+16,0.75147,0.62906,1.290e-04,6.130e-05,4.740e-03,8.980e-03
0.1864693,0.14764,1.1240e+07,5.7680e+01,8.2720e+16,0.76873,0.63396,1.400e-04,1.350e-04,4.620e-03,8.970e-03
0.1959702,0.15116,1.1100e+07,5.5860e+01,7.9450e+16,0.78608,0.63890,1.530e-04,2.670e-04,4.420e-03,8.960e-03
0.2061285,0.15487,1.0960e+07,5.4000e+01,7.6120e+16,0.80333,0.64384,1.680e-04,4.750e-04,4.110e-03,8.950e-03
0.2148384,0.15801,1.0850e+07,5.2460e+01,7.3380e+16,0.81713,0.64780,1.820e-04,6.990e-04,3.770e-03,8.950e-03
0.2234021,0.16106,1.0730e+07,5.1000e+01,7.0780e+16,0.82985,0.65148,1.960e-04,9.480e-04,3.400e-03,8.940e-03
0.2366451,0.16573,1.0560e+07,4.8840e+01,6.6960e+16,0.84797,0.65675,2.200e-04,1.350e-03,2.810e-03,8.930e-03
0.2483294,0.16980,1.0410e+07,4.7010e+01,6.3750e+16,0.86251,0.66101,2.440e-04,1.700e-03,2.330e-03,8.930e-03
0.2589347,0.17346,1.0280e+07,4.5420e+01,6.0980e+16,0.87461,0.66459,2.680e-04,1.980e-03,1.950e-03,8.920e-03
0.2692198,0.17698,1.0160e+07,4.3930e+01,5.8400e+16,0.88543,0.66782,2.920e-04,2.220e-03,1.660e-03,8.910e-03
0.2801676,0.18070,1.0020e+07,4.2390e+01,5.5760e+16,0.89601,0.67100,3.210e-04,2.440e-03,1.430e-03,8.910e-03
0.2955292,0.18589,9.8460e+06,4.0330e+01,5.2260e+16,0.90940,0.67508,3.660e-04,2.670e-03,1.220e-03,8.900e-03
0.3124836,0.19159,9.6550e+06,3.8160e+01,4.8620e+16,0.92238,0.67910,4.220e-04,2.860e-03,1.080e-03,8.890e-03
0.3282019,0.19685,9.4810e+06,3.6240e+01,4.5450e+16,0.93293,0.68243,4.810e-04,2.980e-03,1.020e-03,8.880e-03
0.3424866,0.20163,9.3270e+06,3.4570e+01,4.2730e+16,0.94141,0.68516,5.430e-04,3.050e-03,9.890e-04,8.870e-03
0.3610001,0.20781,9.1310e+06,3.2500e+01,3.9410e+16,0.95103,0.68832,6.340e-04,3.120e-03,9.690e-04,8.860e-03
0.3788245,0.21379,8.9480e+06,3.0590e+01,3.6420e+16,0.95900,0.69101,7.370e-04,3.150e-03,9.590e-04,8.850e-03
0.4009260,0.22124,8.7250e+06,2.8350e+01,3.2970e+16,0.96736,0.69391,8.890e-04,3.180e-03,9.540e-04,8.840e-03
0.4276176,0.23033,8.4630e+06,2.5800e+01,2.9160e+16,0.97556,0.69688,1.120e-03,3.200e-03,9.500e-04,8.830e-03
0.4524543,0.23892,8.2250e+06,2.3570e+01,2.5930e+16,0.98168,0.69919,1.400e-03,3.200e-03,9.480e-04,8.820e-03
0.4864079,0.25094,7.9070e+06,2.0740e+01,2.1960e+16,0.98815,0.70173,1.910e-03,3.200e-03,9.460e-04,8.800e-03
0.5265100,0.26568,7.5400e+06,1.7670e+01,1.7860e+16,0.99360,0.70400,2.710e-03,3.200e-03,9.440e-04,8.790e-03
0.5738158,0.28409,7.1150e+06,1.4420e+01,1.3770e+16,0.99729,0.70615,3.070e-03,3.190e-03,9.420e-04,8.770e-03
0.6294643,0.30772,6.6210e+06,1.1060e+01,9.8340e+15,0.99900,0.70851,2.090e-03,3.180e-03,9.400e-04,8.750e-03
0.6705673,0.32705,6.2540e+06,8.8840e+00,7.4670e+15,0.99955,0.70998,1.330e-03,3.180e-03,9.380e-04,8.730e-03
0.7143702,0.35006,5.8570e+06,6.8430e+00,5.3890e+15,0.99986,0.71128,7.790e-04,3.170e-03,9.360e-04,8.710e-03
0.7595432,0.37739,5.4320e+06,5.0270e+00,3.6730e+15,1.00001,0.71244,4.370e-04,3.160e-03,9.340e-04,8.690e-03
0.7923888,0.40045,5.1090e+06,3.8850e+00,2.6710e+15,1.00006,0.71324,2.880e-04,3.160e-03,9.320e-04,8.680e-03
0.8157703,0.41910,4.8670e+06,3.1620e+00,2.0720e+15,1.00007,0.71383,2.190e-04,3.150e-03,9.310e-04,8.670e-03
0.8368506,0.43799,4.6390e+06,2.5750e+00,1.6090e+15,1.00007,0.71438,1.760e-04,3.150e-03,9.300e-04,8.660e-03
0.8593146,0.46091,4.3810e+06,2.0140e+00,1.1890e+15,1.00007,0.71501,1.450e-04,3.140e-03,9.280e-04,8.640e-03
0.8794807,0.48475,4.1330e+06,1.5670e+00,8.7340e+14,1.00006,0.71563,1.280e-04,3.140e-03,9.270e-04,8.630e-03
0.8956956,0.50689,3.9190e+06,1.2480e+00,6.5940e+14,1.00005,0.71617,1.180e-04,3.140e-03,9.260e-04,8.620e-03
0.9156705,0.53919,3.6270e+06,9.0170e-01,4.4150e+14,1.00004,0.71696,1.110e-04,3.130e-03,9.240e-04,8.610e-03
0.9307368,0.56871,3.3790e+06,6.7600e-01,3.0850e+14,1.00003,0.71766,1.080e-04,3.130e-03,9.230e-04,8.590e-03
0.9422720,0.59556,3.1640e+06,5.2370e-01,2.2390e+14,1.00003,0.71819,1.070e-04,3.120e-03,9.230e-04,8.590e-03
0.9502052,0.61692,2.9970e+06,4.2960e-01,1.7400e+14,1.00002,0.71846,1.060e-04,3.130e-03,9.230e-04,8.600e-03
0.9544972,0.62972,2.8980e+06,3.8230e-01,1.4980e+14,1.00002,0.71857,1.060e-04,3.130e-03,9.250e-04,8.610e-03
0.9579436,0.64074,2.8120e+06,3.4620e-01,1.3160e+14,1.00002,0.71877,1.060e-04,3.130e-03,9.260e-04,8.630e-03
0.9607348,0.65022,2.7380e+06,3.1820e-01,1.1780e+14,1.00002,0.71921,1.060e-04,3.140e-03,9.290e-04,8.650e-03
0.9629728,0.65821,2.6740e+06,2.9660e-01,1.0730e+14,1.00002,0.71994,1.050e-04,3.150e-03,9.310e-04,8.670e-03
0.9642630,0.66299,2.6360e+06,2.8440e-01,1.0150e+14,1.00002,0.72061,1.050e-04,3.150e-03,9.320e-04,8.690e-03
0.9656893,0.66843,2.5910e+06,2.7120e-01,9.5190e+13,1.00002,0.72164,1.050e-04,3.150e-03,9.310e-04,8.680e-03
0.9666579,0.67222,2.5590e+06,2.6240e-01,9.1040e+13,1.00001,0.72255,1.050e-04,3.140e-03,9.280e-04,8.660e-03
0.9675555,0.67581,2.5290e+06,2.5440e-01,8.7270e+13,1.00001,0.72356,1.040e-04,3.120e-03,9.240e-04,8.620e-03
0.9683113,0.67890,2.5030e+06,2.4770e-01,8.4160e+13,1.00001,0.72452,1.040e-04,3.110e-03,9.200e-04,8.580e-03
0.9690439,0.68194,2.4770e+06,2.4130e-01,8.1190e+13,1.00001,0.72555,1.040e-04,3.090e-03,9.150e-04,8.530e-03
0.9695000,0.68385,2.4600e+06,2.3730e-01,7.9370e+13,1.00001,0.72623,1.040e-04,3.080e-03,9.120e-04,8.500e-03
0.9699423,0.68574,2.4440e+06,2.3360e-01,7.7630e+13,1.00001,0.72693,1.040e-04,3.070e-03,9.090e-04,8.470e-03
0.9702582,0.68709,2.4320e+06,2.3090e-01,7.6390e+13,1.00001,0.72746,1.030e-04,3.060e-03,9.060e-04,8.450e-03
0.9706674,0.68886,2.4170e+06,2.2740e-01,7.4800e+13,1.00001,0.72816,1.030e-04,3.050e-03,9.030e-04,8.420e-03
0.9709503,0.69010,2.4060e+06,2.2500e-01,7.3720e+13,1.00001,0.72866,1.030e-04,3.050e-03,9.010e-04,8.390e-03
0.9712166,0.69127,2.3950e+06,2.2280e-01,7.2700e+13,1.00001,0.72915,1.030e-04,3.040e-03,8.980e-04,8.370e-03
0.9716053,0.69299,2.3800e+06,2.1960e-01,7.1220e+13,1.00001,0.72988,1.030e-04,3.030e-03,8.950e-04,8.340e-03
0.9719940,0.69473,2.3640e+06,2.1640e-01,6.9770e+13,1.00001,0.73064,1.020e-04,3.020e-03,8.920e-04,8.310e-03
0.9723827,0.69649,2.3480e+06,2.1330e-01,6.8320e+13,1.00001,0.73144,1.020e-04,3.000e-03,8.880e-04,8.280e-03
0.9726753,0.69782,2.3360e+06,2.1090e-01,6.7240e+13,1.00001,0.73205,1.020e-04,3.000e-03,8.860e-04,8.260e-03
0.9729679,0.69916,2.3230e+06,2.0860e-01,6.6170e+13,1.00001,0.73269,1.020e-04,2.990e-03,8.830e-04,8.230e-03
0.9732606,0.70051,2.3110e+06,2.0620e-01,6.5110e+13,1.00001,0.73334,1.020e-04,2.980e-03,8.800e-04,8.210e-03
0.9735517,0.70187,2.2980e+06,2.0400e-01,6.4060e+13,1.00001,0.73400,1.010e-04,2.970e-03,8.780e-04,8.180e-03
0.9738424,0.70323,2.2850e+06,2.0170e-01,6.3020e+13,1.00001,0.73469,1.010e-04,2.960e-03,8.750e-04,8.150e-03
0.9741331,0.70461,2.2720e+06,1.9940e-01,6.1990e+13,1.00001,0.73539,1.010e-04,2.950e-03,8.720e-04,8.120e-03
0.9744238,0.70599,2.2580e+06,1.9720e-01,6.0960e+13,1.00001,0.73612,1.010e-04,2.940e-03,8.690e-04,8.100e-03
0.9747146,0.70738,2.2440e+06,1.9500e-01,5.9940e+13,1.00001,0.73686,1.010e-04,2.930e-03,8.660e-04,8.070e-03
0.9750053,0.70879,2.2300e+06,1.9280e-01,5.8930e+13,1.00001,0.73763,1.000e-04,2.920e-03,8.630e-04,8.040e-03
0.9752922,0.71018,2.2160e+06,1.9070e-01,5.7950e+13,1.00001,0.73842,1.000e-04,2.910e-03,8.590e-04,8.010e-03
0.9755735,0.71156,2.2020e+06,1.8860e-01,5.6980e+13,1.00001,0.73922,9.970e-05,2.900e-03,8.560e-04,7.970e-03
0.9759111,0.71323,2.1850e+06,1.8620e-01,5.5840e+13,1.00001,0.74027,9.940e-05,2.880e-03,8.520e-04,7.930e-03
0.9763050,0.71519,2.1640e+06,1.8350e-01,5.4520e+13,1.00001,0.74045,9.930e-05,2.880e-03,8.510e-04,7.920e-03
0.9768533,0.71795,2.1350e+06,1.7980e-01,5.2700e+13,1.00001,0.74045,9.930e-05,2.880e-03,8.510e-04,7.920e-03
0.9775158,0.72133,2.1000e+06,1.7530e-01,5.0540e+13,1.00001,0.74045,9.930e-05,2.880e-03,8.510e-04,7.920e-03
0.9780690,0.72420,2.0700e+06,1.7160e-01,4.8760e+13,1.00001,0.74045,9.930e-05,2.880e-03,8.510e-04,7.920e-03
0.9786799,0.72741,2.0380e+06,1.6750e-01,4.6830e+13,1.00001,0.74045,9.930e-05,2.880e-03,8.510e-04,7.920e-03
0.9793312,0.73089,2.0020e+06,1.6310e-01,4.4810e+13,1.00001,0.74045,9.930e-05,2.880e-03,8.510e-04,7.920e-03
0.9798964,0.73396,1.9710e+06,1.5930e-01,4.3090e+13,1.00001,0.74045,9.930e-05,2.880e-03,8.510e-04,7.920e-03
0.9806200,0.73796,1.9320e+06,1.5440e-01,4.0930e+13,1.00001,0.74045,9.930e-05,2.880e-03,8.510e-04,7.920e-03
0.9813279,0.74195,1.8920e+06,1.4970e-01,3.8850e+13,1.00001,0.74045,9.930e-05,2.880e-03,8.510e-04,7.920e-03
0.9821021,0.74642,1.8490e+06,1.4450e-01,3.6630e+13,1.00001,0.74045,9.930e-05,2.880e-03,8.510e-04,7.920e-03
0.9829381,0.75136,1.8010e+06,1.3890e-01,3.4290e+13,1.00001,0.74045,9.930e-05,2.880e-03,8.510e-04,7.920e-03
0.9837565,0.75632,1.7540e+06,1.3340e-01,3.2060e+13,1.00001,0.74045,9.930e-05,2.880e-03,8.510e-04,7.920e-03
0.9845606,0.76134,1.7060e+06,1.2800e-01,2.9930e+13,1.00000,0.74045,9.930e-05,2.880e-03,8.510e-04,7.920e-03
0.9854660,0.76717,1.6520e+06,1.2180e-01,2.7580e+13,1.00000,0.74045,9.930e-05,2.880e-03,8.510e-04,7.920e-03
0.9863522,0.77308,1.5980e+06,1.1580e-01,2.5360e+13,1.00000,0.74045,9.930e-05,2.880e-03,8.510e-04,7.920e-03
0.9873817,0.78021,1.5340e+06,1.0880e-01,2.2860e+13,1.00000,0.74045,9.930e-05,2.880e-03,8.510e-04,7.920e-03
0.9883172,0.78699,1.4740e+06,1.0240e-01,2.0660e+13,1.00000,0.74045,9.930e-05,2.880e-03,8.510e-04,7.920e-03
0.9891804,0.79351,1.4170e+06,9.6480e-02,1.8700e+13,1.00000,0.74045,9.930e-05,2.880e-03,8.510e-04,7.920e-03
0.9904147,0.80338,1.3320e+06,8.7880e-02,1.6010e+13,1.00000,0.74045,9.930e-05,2.880e-03,8.510e-04,7.920e-03
0.9917494,0.81490,1.2360e+06,7.8420e-02,1.3250e+13,1.00000,0.74045,9.930e-05,2.880e-03,8.510e-04,7.920e-03
0.9928813,0.82554,1.1490e+06,7.0230e-02,1.1020e+13,1.00000,0.74045,9.930e-05,2.880e-03,8.510e-04,7.920e-03
0.9938559,0.83550,1.0700e+06,6.3010e-02,9.2010e+12,1.00000,0.74045,9.930e-05,2.880e-03,8.510e-04,7.920e-03
0.9946866,0.84474,9.9780e+05,5.6690e-02,7.7160e+12,1.00000,0.74045,9.930e-05,2.880e-03,8.510e-04,7.920e-03
0.9953993,0.85336,9.3200e+05,5.1120e-02,6.4940e+12,1.00000,0.74045,9.930e-05,2.880e-03,8.510e-04,7.920e-03
0.9960084,0.86136,8.7200e+05,4.6210e-02,5.4890e+12,1.00000,0.74045,9.930e-05,2.880e-03,8.510e-04,7.920e-03
0.9965371,0.86890,8.1640e+05,4.1810e-02,4.6460e+12,1.00000,0.74045,9.930e-05,2.880e-03,8.510e-04,7.920e-03
0.9969912,0.87593,7.6540e+05,3.7910e-02,3.9470e+12,1.00000,0.74045,9.930e-05,2.880e-03,8.510e-04,7.920e-03
0.9973863,0.88257,7.1790e+05,3.4400e-02,3.3560e+12,1.00000,0.74045,9.930e-05,2.880e-03,8.510e-04,7.920e-03
0.9977232,0.88871,6.7460e+05,3.1300e-02,2.8670e+12,1.00000,0.74045,9.930e-05,2.880e-03,8.510e-04,7.920e-03
0.9980171,0.89452,6.3410e+05,2.8490e-02,2.4510e+12,1.00000,0.74045,9.930e-05,2.880e-03,8.510e-04,7.920e-03
0.9982709,0.89996,5.9670e+05,2.5980e-02,2.1010e+12,1.00000,0.74045,9.930e-05,2.880e-03,8.510e-04,7.920e-03
0.9984927,0.90511,5.6170e+05,2.3690e-02,1.8020e+12,1.00000,0.74045,9.930e-05,2.880e-03,8.510e-04,7.920e-03
0.9986853,0.90996,5.2910e+05,2.1630e-02,1.5490e+12,1.00000,0.74045,9.930e-05,2.880e-03,8.510e-04,7.920e-03
0.9988850,0.91545,4.9260e+05,1.9400e-02,1.2910e+12,1.00000,0.74045,9.930e-05,2.880e-03,8.510e-04,7.920e-03
0.9990301,0.91981,4.6380e+05,1.7700e-02,1.1080e+12,1.00000,0.74045,9.930e-05,2.880e-03,8.510e-04,7.920e-03
0.9991567,0.92394,4.3680e+05,1.6150e-02,9.5130e+11,1.00000,0.74045,9.930e-05,2.880e-03,8.510e-04,7.920e-03
0.9992648,0.92778,4.1200e+05,1.4770e-02,8.1960e+11,1.00000,0.74045,9.930e-05,2.880e-03,8.510e-04,7.920e-03
0.9993594,0.93142,3.8870e+05,1.3510e-02,7.0630e+11,1.00000,0.74045,9.930e-05,2.880e-03,8.510e-04,7.920e-03
0.9994412,0.93483,3.6690e+05,1.2370e-02,6.0970e+11,1.00000,0.74045,9.930e-05,2.880e-03,8.510e-04,7.920e-03
0.9995128,0.93806,3.4640e+05,1.1320e-02,5.2640e+11,1.00000,0.74045,9.930e-05,2.880e-03,8.510e-04,7.920e-03
0.9995747,0.94110,3.2740e+05,1.0380e-02,4.5530e+11,1.00000,0.74045,9.930e-05,2.880e-03,8.510e-04,7.920e-03
0.9996285,0.94396,3.0960e+05,9.5200e-03,3.9430e+11,1.00000,0.74045,9.930e-05,2.880e-03,8.510e-04,7.920e-03
0.9996751,0.94664,2.9290e+05,8.7400e-03,3.4200e+11,1.00000,0.74045,9.930e-05,2.880e-03,8.510e-04,7.920e-03
0.9997161,0.94919,2.7720e+05,8.0230e-03,2.9660e+11,1.00000,0.74045,9.930e-05,2.880e-03,8.510e-04,7.920e-03
0.9997516,0.95159,2.6250e+05,7.3710e-03,2.5770e+11,1.00000,0.74045,9.930e-05,2.880e-03,8.510e-04,7.920e-03
0.9997827,0.95387,2.4860e+05,6.7740e-03,2.2390e+11,1.00000,0.74045,9.930e-05,2.880e-03,8.510e-04,7.920e-03
0.9998145,0.95641,2.3330e+05,6.1280e-03,1.8960e+11,1.00000,0.74045,9.930e-05,2.880e-03,8.510e-04,7.920e-03
0.9998575,0.96030,2.1000e+05,5.1900e-03,1.4400e+11,1.00000,0.74045,9.930e-05,2.880e-03,8.510e-04,7.920e-03
0.9998888,0.96360,1.9050e+05,4.4400e-03,1.1130e+11,1.00000,0.74045,9.930e-05,2.880e-03,8.510e-04,7.920e-03
0.9999123,0.96647,1.7370e+05,3.8220e-03,8.6970e+10,1.00000,0.74045,9.930e-05,2.880e-03,8.510e-04,7.920e-03
0.9999329,0.96939,1.5700e+05,3.2290e-03,6.6030e+10,1.00000,0.74045,9.930e-05,2.880e-03,8.510e-04,7.920e-03
0.9999485,0.97202,1.4220e+05,2.7270e-03,5.0210e+10,1.00000,0.74045,9.930e-05,2.880e-03,8.510e-04,7.920e-03
0.9999604,0.97437,1.2930e+05,2.3050e-03,3.8330e+10,1.00000,0.74045,9.930e-05,2.880e-03,8.510e-04,7.920e-03
0.9999695,0.97646,1.1790e+05,1.9520e-03,2.9400e+10,1.00000,0.74045,9.930e-05,2.880e-03,8.510e-04,7.920e-03
0.9999764,0.97837,1.0770e+05,1.6510e-03,2.2560e+10,1.00000,0.74045,9.930e-05,2.880e-03,8.510e-04,7.920e-03
0.9999818,0.98009,9.8510e+04,1.3970e-03,1.7340e+10,1.00000,0.74045,9.930e-05,2.880e-03,8.510e-04,7.920e-03
0.9999859,0.98166,9.0120e+04,1.1830e-03,1.3340e+10,1.00000,0.74045,9.930e-05,2.880e-03,8.510e-04,7.920e-03
0.9999888,0.98292,8.3270e+04,1.0230e-03,1.0590e+10,1.00000,0.74045,9.930e-05,2.880e-03,8.510e-04,7.920e-03
0.9999897,0.98338,8.0770e+04,9.6740e-04,9.6880e+09,1.00000,0.74045,9.930e-05,2.880e-03,8.510e-04,7.920e-03
