epoch,dt,flux
1,-0.24922,1.000101
1,-0.24783,0.999797
1,-0.24644,0.999927
1,-0.24505,1.000647
1,-0.24366,0.999916
1,-0.24228,0.999836
1,-0.24089,1.000229
1,-0.23950,0.999376
1,-0.23811,0.999817
1,-0.23672,1.000053
1,-0.23533,0.999657
1,-0.23394,1.000016
1,-0.23255,0.999875
1,-0.23116,0.999877
1,-0.22978,0.999822
1,-0.22839,1.000589
1,-0.22700,1.000075
1,-0.22561,0.999961
1,-0.22422,0.999652
1,-0.22283,0.999809
1,-0.22144,1.000105
1,-0.22005,0.999945
1,-0.21866,1.000013
1,-0.21728,0.999552
1,-0.21589,0.999807
1,-0.21450,1.000127
1,-0.21311,1.000634
1,-0.21172,1.000139
1,-0.21033,0.999824
1,-0.20894,0.999932
1,-0.20755,1.000206
1,-0.20616,1.000390
1,-0.20478,0.999619
1,-0.20339,0.999836
1,-0.20200,0.999957
1,-0.20061,1.000795
1,-0.19922,1.000125
1,-0.19783,1.000135
1,-0.19644,0.999931
1,-0.19505,1.000021
1,-0.19367,1.000104
1,-0.19228,1.000417
1,-0.19089,0.999797
1,-0.18950,1.000136
1,-0.18811,1.000476
1,-0.18672,0.999835
1,-0.18533,1.000266
1,-0.18394,0.999866
1,-0.18255,0.999952
1,-0.18117,0.999618
1,-0.17978,1.000165
1,-0.17839,0.999757
1,-0.17700,1.000032
1,-0.17561,0.999632
1,-0.17422,0.999950
1,-0.17283,1.000407
1,-0.17144,1.000030
1,-0.17005,0.999794
1,-0.16867,1.000212
1,-0.16728,0.999689
1,-0.16589,0.999187
1,-0.16450,1.000307
1,-0.16311,0.999478
1,-0.16172,0.999723
1,-0.16033,1.000561
1,-0.15894,1.000141
1,-0.15755,0.999512
1,-0.15617,1.000105
1,-0.15478,0.999708
1,-0.15339,0.999382
1,-0.15200,1.000290
1,-0.15061,0.999972
1,-0.14922,0.999661
1,-0.14783,0.999582
1,-0.14644,1.000284
1,-0.14505,1.000186
1,-0.14367,1.000034
1,-0.14228,1.000091
1,-0.14089,1.000449
1,-0.13950,1.000503
1,-0.13811,0.999836
1,-0.13672,1.000077
1,-0.13533,0.999757
1,-0.13394,1.000123
1,-0.13255,1.000390
1,-0.13117,0.999966
1,-0.12978,1.000676
1,-0.12839,1.000558
1,-0.12700,1.000048
1,-0.12561,0.999773
1,-0.12422,0.999755
1,-0.12283,0.999471
1,-0.12144,0.999745
1,-0.12005,0.999643
1,-0.11867,0.999818
1,-0.11728,0.999997
1,-0.11589,0.999986
1,-0.11450,0.999933
1,-0.11311,1.000429
1,-0.11172,0.999618
1,-0.11033,1.000489
1,-0.10894,1.000052
1,-0.10755,1.000144
1,-0.10617,0.999883
1,-0.10478,0.999835
1,-0.10339,1.000102
1,-0.10200,1.000752
1,-0.10061,0.999966
1,-0.09922,0.999674
1,-0.09783,0.999805
1,-0.09644,1.000074
1,-0.09505,0.999825
1,-0.09367,0.999771
1,-0.09228,0.999982
1,-0.09089,0.999782
1,-0.08950,1.000185
1,-0.08811,0.999519
1,-0.08672,0.999352
1,-0.08533,1.000133
1,-0.08394,1.000288
1,-0.08255,0.999275
1,-0.08117,0.999714
1,-0.07978,0.999170
1,-0.07839,1.000195
1,-0.07700,0.999875
1,-0.07561,0.999949
1,-0.07422,0.999898
1,-0.07283,1.000060
1,-0.07144,1.000312
1,-0.07005,0.999549
1,-0.06867,1.000519
1,-0.06728,0.999669
1,-0.06589,1.000190
1,-0.06450,0.999776
1,-0.06311,0.999739
1,-0.06172,0.999864
1,-0.06033,0.998963
1,-0.05894,0.998238
1,-0.05755,0.997682
1,-0.05617,0.996188
1,-0.05478,0.995447
1,-0.05339,0.993471
1,-0.05200,0.992310
1,-0.05061,0.991290
1,-0.04922,0.989739
1,-0.04783,0.989046
1,-0.04644,0.987800
1,-0.04505,0.986501
1,-0.04367,0.986092
1,-0.04228,0.985766
1,-0.04089,0.985983
1,-0.03950,0.986199
1,-0.03811,0.986044
1,-0.03672,0.985784
1,-0.03533,0.985214
1,-0.03394,0.984785
1,-0.03255,0.985003
1,-0.03117,0.985268
1,-0.02978,0.984993
1,-0.02839,0.984401
1,-0.02700,0.984794
1,-0.02561,0.984684
1,-0.02422,0.984660
1,-0.02283,0.984128
1,-0.02144,0.984121
1,-0.02005,0.983920
1,-0.01867,0.984395
1,-0.01728,0.983915
1,-0.01589,0.984006
1,-0.01450,0.984344
1,-0.01311,0.983862
1,-0.01172,0.984160
1,-0.01033,0.984101
1,-0.00894,0.984268
1,-0.00755,0.984081
1,-0.00617,0.983675
1,-0.00478,0.983681
1,-0.00339,0.984223
1,-0.00200,0.984274
1,-0.00061,0.983987
1,0.00078,0.983660
1,0.00217,0.983610
1,0.00356,0.983970
1,0.00495,0.983812
1,0.00633,0.984070
1,0.00772,0.983713
1,0.00911,0.983760
1,0.01050,0.984338
1,0.01189,0.983778
1,0.01328,0.983590
1,0.01467,0.984232
1,0.01606,0.983815
1,0.01745,0.983901
1,0.01883,0.984845
1,0.02022,0.984367
1,0.02161,0.984671
1,0.02300,0.984726
1,0.02439,0.984577
1,0.02578,0.984583
1,0.02717,0.984652
1,0.02856,0.984943
1,0.02995,0.984703
1,0.03133,0.985084
1,0.03272,0.985529
1,0.03411,0.984333
1,0.03550,0.985125
1,0.03689,0.985478
1,0.03828,0.985341
1,0.03967,0.985474
1,0.04106,0.986065
1,0.04245,0.986781
1,0.04383,0.986056
1,0.04522,0.986594
1,0.04661,0.987372
1,0.04800,0.987396
1,0.04939,0.988742
1,0.05078,0.989114
1,0.05217,0.990300
1,0.05356,0.992128
1,0.05494,0.993549
1,0.05633,0.994805
1,0.05772,0.995610
1,0.05911,0.996445
1,0.06050,0.997947
1,0.06189,0.998898
1,0.06328,0.999635
1,0.06467,1.000082
1,0.06606,1.000045
1,0.06744,1.000255
1,0.06883,1.000097
1,0.07022,0.999325
1,0.07161,0.999716
1,0.07300,0.999856
1,0.07439,0.999882
1,0.07578,0.999966
1,0.07717,1.000094
1,0.07856,1.000405
1,0.07994,1.000237
1,0.08133,1.000198
1,0.08272,1.000554
1,0.08411,0.999487
1,0.08550,1.000078
1,0.08689,0.999940
1,0.08828,1.000315
1,0.08967,1.000149
1,0.09106,0.999744
1,0.09244,0.999660
1,0.09383,1.000025
1,0.09522,1.000296
1,0.09661,0.999678
1,0.09800,1.000124
1,0.09939,1.000458
1,0.10078,0.999922
1,0.10217,1.000107
1,0.10356,0.999986
1,0.10494,0.999691
1,0.10633,1.000464
1,0.10772,0.999882
1,0.10911,0.999936
1,0.11050,1.000497
1,0.11189,1.000222
1,0.11328,1.000027
1,0.11467,0.999895
1,0.11606,1.000357
1,0.11744,1.000066
1,0.11883,1.000138
1,0.12022,1.000224
1,0.12161,1.000044
1,0.12300,1.000584
1,0.12439,1.000086
1,0.12578,1.000179
1,0.12717,1.000186
1,0.12856,0.999843
1,0.12994,1.000043
1,0.13133,0.999788
1,0.13272,0.999730
1,0.13411,0.999857
1,0.13550,0.999710
1,0.13689,0.999991
1,0.13828,1.000653
1,0.13967,0.999765
1,0.14106,0.999973
1,0.14244,1.000267
1,0.14383,1.000113
1,0.14522,1.000020
1,0.14661,0.999815
1,0.14800,1.000024
1,0.14939,0.999800
1,0.15078,0.999756
1,0.15217,0.999814
1,0.15356,1.000134
1,0.15494,1.000177
1,0.15633,1.000532
1,0.15772,1.000014
1,0.15911,0.999799
1,0.16050,0.999767
1,0.16189,1.000196
1,0.16328,0.999744
1,0.16467,1.000020
1,0.16606,0.999747
1,0.16744,1.000224
1,0.16883,1.000482
1,0.17022,0.999978
1,0.17161,1.000209
1,0.17300,1.000006
1,0.17439,1.000159
1,0.17578,1.000178
1,0.17717,1.000044
1,0.17856,1.000254
1,0.17994,1.000091
1,0.18133,1.000477
1,0.18272,1.000083
1,0.18411,0.999600
1,0.18550,1.000042
1,0.18689,0.999672
1,0.18828,1.000752
1,0.18967,1.000305
1,0.19106,1.000362
1,0.19244,1.000252
1,0.19383,1.000250
1,0.19522,1.000073
1,0.19661,1.000196
1,0.19800,0.999949
1,0.19939,0.999671
1,0.20078,1.000205
1,0.20217,0.999933
1,0.20356,0.999933
1,0.20494,1.000181
1,0.20633,0.999982
1,0.20772,0.999537
1,0.20911,0.999684
1,0.21050,0.999932
1,0.21189,0.999893
1,0.21328,0.999692
1,0.21467,1.000165
1,0.21606,1.000193
1,0.21744,0.999840
1,0.21883,1.000035
1,0.22022,0.999765
1,0.22161,1.000005
1,0.22300,0.999162
1,0.22439,0.999664
1,0.22578,0.999922
1,0.22717,0.999661
1,0.22856,0.999983
1,0.22994,0.999781
1,0.23133,0.999632
1,0.23272,1.000001
1,0.23411,0.999297
1,0.23550,0.999854
1,0.23689,0.999754
1,0.23828,0.999939
1,0.23967,0.999879
1,0.24106,1.000385
1,0.24244,1.000090
1,0.24383,0.999951
1,0.24522,0.999959
1,0.24661,0.999866
1,0.24800,1.000161
1,0.24939,1.000057
2,-0.24899,0.999721
2,-0.24761,1.000589
2,-0.24622,1.000020
2,-0.24483,1.000420
2,-0.24344,0.999831
2,-0.24205,0.999455
2,-0.24066,1.000111
2,-0.23927,0.999633
2,-0.23788,1.000140
2,-0.23649,1.000207
2,-0.23511,0.999876
2,-0.23372,1.000055
2,-0.23233,1.000315
2,-0.23094,1.000510
2,-0.22955,1.000222
2,-0.22816,1.000140
2,-0.22677,1.000447
2,-0.22538,0.999868
2,-0.22399,0.999794
2,-0.22261,0.999364
2,-0.22122,0.999771
2,-0.21983,0.999698
2,-0.21844,1.000000
2,-0.21705,1.000258
2,-0.21566,0.999965
2,-0.21427,1.000328
2,-0.21288,0.999722
2,-0.21149,0.999681
2,-0.21011,0.999842
2,-0.20872,0.999958
2,-0.20733,0.999974
2,-0.20594,0.999681
2,-0.20455,1.000245
2,-0.20316,0.999923
2,-0.20177,0.999770
2,-0.20038,1.000377
2,-0.19900,0.999851
2,-0.19761,1.000441
2,-0.19622,0.999824
2,-0.19483,0.999102
2,-0.19344,1.000029
2,-0.19205,1.000005
2,-0.19066,0.999708
2,-0.18927,1.000220
2,-0.18788,0.999458
2,-0.18650,1.000140
2,-0.18511,1.000073
2,-0.18372,1.000263
2,-0.18233,1.000422
2,-0.18094,0.999797
2,-0.17955,0.999579
2,-0.17816,1.000058
2,-0.17677,1.000264
2,-0.17538,1.000258
2,-0.17400,0.999905
2,-0.17261,0.999721
2,-0.17122,0.999408
2,-0.16983,0.999872
2,-0.16844,1.000067
2,-0.16705,0.999936
2,-0.16566,0.999756
2,-0.16427,0.999879
2,-0.16288,1.000226
2,-0.16150,1.000213
2,-0.16011,1.000295
2,-0.15872,1.000123
2,-0.15733,0.999672
2,-0.15594,0.999976
2,-0.15455,0.999699
2,-0.15316,0.999907
2,-0.15177,1.000340
2,-0.15038,0.999469
2,-0.14900,1.000122
2,-0.14761,1.000087
2,-0.14622,1.000324
2,-0.14483,1.000188
2,-0.14344,0.999961
2,-0.14205,0.999991
2,-0.14066,1.000053
2,-0.13927,0.999904
2,-0.13788,1.000406
2,-0.13650,0.999984
2,-0.13511,1.000225
2,-0.13372,0.999978
2,-0.13233,1.000201
2,-0.13094,1.000152
2,-0.12955,1.000266
2,-0.12816,0.999695
2,-0.12677,0.999400
2,-0.12538,0.999715
2,-0.12400,1.000409
2,-0.12261,1.000541
2,-0.12122,1.000198
2,-0.11983,0.999840
2,-0.11844,1.000184
2,-0.11705,0.999806
2,-0.11566,1.000279
2,-0.11427,0.999130
2,-0.11288,1.000155
2,-0.11150,0.999664
2,-0.11011,1.000004
2,-0.10872,1.000557
2,-0.10733,1.000052
2,-0.10594,1.000298
2,-0.10455,1.000306
2,-0.10316,1.000036
2,-0.10177,1.000330
2,-0.10038,1.000003
2,-0.09900,0.999822
2,-0.09761,1.000594
2,-0.09622,1.000368
2,-0.09483,1.000021
2,-0.09344,1.000128
2,-0.09205,1.000071
2,-0.09066,1.000327
2,-0.08927,1.000017
2,-0.08789,1.000831
2,-0.08650,0.999741
2,-0.08511,0.999559
2,-0.08372,0.999125
2,-0.08233,0.999797
2,-0.08094,0.999978
2,-0.07955,0.999879
2,-0.07816,1.000211
2,-0.07677,0.999099
2,-0.07539,0.999227
2,-0.07400,1.000366
2,-0.07261,1.000596
2,-0.07122,0.999903
2,-0.06983,1.000559
2,-0.06844,1.000372
2,-0.06705,0.999879
2,-0.06566,0.999803
2,-0.06427,1.000331
2,-0.06289,1.000271
2,-0.06150,0.999973
2,-0.06011,0.999315
2,-0.05872,0.997811
2,-0.05733,0.996888
2,-0.05594,0.996621
2,-0.05455,0.994951
2,-0.05316,0.993287
2,-0.05177,0.992583
2,-0.05039,0.991353
2,-0.04900,0.989635
2,-0.04761,0.988835
2,-0.04622,0.988428
2,-0.04483,0.987132
2,-0.04344,0.986917
2,-0.04205,0.986808
2,-0.04066,0.986263
2,-0.03927,0.986131
2,-0.03789,0.985927
2,-0.03650,0.985623
2,-0.03511,0.985376
2,-0.03372,0.985050
2,-0.03233,0.985204
2,-0.03094,0.985349
2,-0.02955,0.984917
2,-0.02816,0.985617
2,-0.02677,0.985663
2,-0.02539,0.984643
2,-0.02400,0.985257
2,-0.02261,0.984208
2,-0.02122,0.984352
2,-0.01983,0.984283
2,-0.01844,0.984211
2,-0.01705,0.984469
2,-0.01566,0.983727
2,-0.01427,0.983988
2,-0.01289,0.984352
2,-0.01150,0.983853
2,-0.01011,0.984122
2,-0.00872,0.984373
2,-0.00733,0.984093
2,-0.00594,0.984359
2,-0.00455,0.983706
2,-0.00316,0.983743
2,-0.00177,0.983801
2,-0.00039,0.984399
2,0.00100,0.983850
2,0.00239,0.984162
2,0.00378,0.983687
2,0.00517,0.983568
2,0.00656,0.984407
2,0.00795,0.984902
2,0.00934,0.983908
2,0.01073,0.983911
2,0.01211,0.984396
2,0.01350,0.984048
2,0.01489,0.983014
2,0.01628,0.983951
2,0.01767,0.984118
2,0.01906,0.984506
2,0.02045,0.984126
2,0.02184,0.984650
2,0.02322,0.984070
2,0.02461,0.984423
2,0.02600,0.984838
2,0.02739,0.984658
2,0.02878,0.984821
2,0.03017,0.984421
2,0.03156,0.984962
2,0.03295,0.985020
2,0.03434,0.985353
2,0.03572,0.984197
2,0.03711,0.984929
2,0.03850,0.985668
2,0.03989,0.986161
2,0.04128,0.985900
2,0.04267,0.985868
2,0.04406,0.985978
2,0.04545,0.987243
2,0.04684,0.987352
2,0.04822,0.988547
2,0.04961,0.988755
2,0.05100,0.989586
2,0.05239,0.990895
2,0.05378,0.991717
2,0.05517,0.993830
2,0.05656,0.994405
2,0.05795,0.995740
2,0.05934,0.997668
2,0.06072,0.997306
2,0.06211,0.998806
2,0.06350,0.999375
2,0.06489,1.000332
2,0.06628,0.999180
2,0.06767,0.999612
2,0.06906,1.000341
2,0.07045,0.999968
2,0.07184,1.000320
2,0.07322,1.000044
2,0.07461,1.000187
2,0.07600,1.000189
2,0.07739,0.999919
2,0.07878,1.000273
2,0.08017,1.000258
2,0.08156,0.999854
2,0.08295,1.000449
2,0.08434,0.999336
2,0.08572,0.999930
2,0.08711,1.000340
2,0.08850,1.000098
2,0.08989,1.000603
2,0.09128,1.000337
2,0.09267,0.999576
2,0.09406,0.999700
2,0.09545,0.999882
2,0.09684,0.999802
2,0.09822,0.999398
2,0.09961,0.998977
2,0.10100,0.999187
2,0.10239,1.000068
2,0.10378,0.999505
2,0.10517,0.999510
2,0.10656,0.999548
2,0.10795,0.999837
2,0.10934,0.999602
2,0.11072,0.999880
2,0.11211,1.000287
2,0.11350,0.999884
2,0.11489,1.000232
2,0.11628,1.000464
2,0.11767,1.000190
2,0.11906,0.999963
2,0.12045,1.000813
2,0.12183,0.999515
2,0.12322,0.999483
2,0.12461,0.999813
2,0.12600,1.000130
2,0.12739,1.000036
2,0.12878,1.000501
2,0.13017,0.999853
2,0.13156,1.000190
2,0.13295,0.999607
2,0.13433,0.999470
2,0.13572,1.000201
2,0.13711,1.000242
2,0.13850,0.999518
2,0.13989,1.000288
2,0.14128,1.000141
2,0.14267,0.999782
2,0.14406,0.999732
2,0.14545,1.000456
2,0.14683,0.999973
2,0.14822,0.999702
2,0.14961,1.000013
2,0.15100,1.000273
2,0.15239,0.999938
2,0.15378,1.000266
2,0.15517,1.000012
2,0.15656,0.999858
2,0.15795,0.999514
2,0.15933,0.999867
2,0.16072,0.999570
2,0.16211,0.999995
2,0.16350,1.000061
2,0.16489,1.000633
2,0.16628,0.999663
2,0.16767,1.000364
2,0.16906,1.000517
2,0.17045,0.999824
2,0.17183,0.999691
2,0.17322,1.000445
2,0.17461,0.999655
2,0.17600,0.999543
2,0.17739,1.000308
2,0.17878,1.000196
2,0.18017,0.999841
2,0.18156,1.000412
2,0.18295,0.999909
2,0.18433,0.999881
2,0.18572,1.000363
2,0.18711,1.000634
2,0.18850,1.000234
2,0.18989,0.999804
2,0.19128,1.000029
2,0.19267,0.999772
2,0.19406,1.000188
2,0.19545,1.000280
2,0.19683,1.000460
2,0.19822,0.999851
2,0.19961,0.999764
2,0.20100,1.000178
2,0.20239,1.000503
2,0.20378,1.000010
2,0.20517,1.000667
2,0.20656,1.000478
2,0.20795,0.999874
2,0.20933,0.999712
2,0.21072,1.000311
2,0.21211,1.000090
2,0.21350,1.000334
2,0.21489,1.000315
2,0.21628,1.000191
2,0.21767,1.000316
2,0.21906,0.999600
2,0.22045,0.999926
2,0.22183,0.999813
2,0.22322,1.000247
2,0.22461,0.999674
2,0.22600,0.999861
2,0.22739,1.000556
2,0.22878,1.000002
2,0.23017,0.999956
2,0.23156,1.000007
2,0.23294,0.999933
2,0.23433,0.999832
2,0.23572,1.000190
2,0.23711,1.000071
2,0.23850,1.000276
2,0.23989,1.000215
2,0.24128,1.000085
2,0.24267,0.999727
2,0.24406,1.000152
2,0.24544,0.999585
2,0.24683,0.999061
2,0.24822,1.000201
2,0.24961,0.999513
3,-0.24879,0.999926
3,-0.24740,0.999611
3,-0.24601,0.999924
3,-0.24462,1.000049
3,-0.24323,1.000256
3,-0.24184,1.000089
3,-0.24045,1.000099
3,-0.23906,1.000365
3,-0.23768,1.000293
3,-0.23629,0.999519
3,-0.23490,0.999874
3,-0.23351,1.000334
3,-0.23212,1.000083
3,-0.23073,0.999565
3,-0.22934,0.999915
3,-0.22795,0.999643
3,-0.22656,0.999907
3,-0.22518,1.000267
3,-0.22379,0.999783
3,-0.22240,0.999772
3,-0.22101,0.999989
3,-0.21962,1.000062
3,-0.21823,0.999722
3,-0.21684,0.999859
3,-0.21545,0.999981
3,-0.21406,1.000174
3,-0.21268,0.999876
3,-0.21129,0.999797
3,-0.20990,1.000137
3,-0.20851,0.999415
3,-0.20712,0.999289
3,-0.20573,0.999998
3,-0.20434,1.000253
3,-0.20295,1.000269
3,-0.20156,0.999648
3,-0.20018,1.000035
3,-0.19879,1.000199
3,-0.19740,1.000117
3,-0.19601,1.000496
3,-0.19462,1.000025
3,-0.19323,1.000141
3,-0.19184,0.999869
3,-0.19045,1.000135
3,-0.18906,1.000269
3,-0.18768,0.999924
3,-0.18629,1.000139
3,-0.18490,1.000030
3,-0.18351,0.999712
3,-0.18212,1.000338
3,-0.18073,0.999384
3,-0.17934,1.000276
3,-0.17795,1.000061
3,-0.17656,0.999841
3,-0.17518,1.000046
3,-0.17379,1.000357
3,-0.17240,0.999865
3,-0.17101,1.000168
3,-0.16962,0.999492
3,-0.16823,1.000010
3,-0.16684,0.999975
3,-0.16545,1.000054
3,-0.16407,0.999595
3,-0.16268,0.999952
3,-0.16129,0.999921
3,-0.15990,0.999870
3,-0.15851,1.000202
3,-0.15712,0.999618
3,-0.15573,1.000464
3,-0.15434,1.000296
3,-0.15295,1.000482
3,-0.15157,1.000642
3,-0.15018,0.999725
3,-0.14879,0.999858
3,-0.14740,1.000753
3,-0.14601,1.000741
3,-0.14462,0.999868
3,-0.14323,0.999926
3,-0.14184,0.999906
3,-0.14045,0.999546
3,-0.13907,1.000169
3,-0.13768,0.999461
3,-0.13629,0.999589
3,-0.13490,1.000024
3,-0.13351,0.999902
3,-0.13212,0.999445
3,-0.13073,1.000126
3,-0.12934,0.999770
3,-0.12795,1.000303
3,-0.12657,1.000121
3,-0.12518,1.000224
3,-0.12379,0.999851
3,-0.12240,0.999981
3,-0.12101,0.999820
3,-0.11962,0.999862
3,-0.11823,0.999894
3,-0.11684,1.000297
3,-0.11545,1.000178
3,-0.11407,0.999817
3,-0.11268,0.999257
3,-0.11129,1.000403
3,-0.10990,0.999726
3,-0.10851,0.999765
3,-0.10712,1.000033
3,-0.10573,0.999548
3,-0.10434,1.000054
3,-0.10295,1.000357
3,-0.10157,1.000082
3,-0.10018,1.000405
3,-0.09879,1.000265
3,-0.09740,1.000226
3,-0.09601,1.000268
3,-0.09462,0.999831
3,-0.09323,0.999804
3,-0.09184,1.000329
3,-0.09045,0.999993
3,-0.08907,1.000633
3,-0.08768,0.999732
3,-0.08629,0.999785
3,-0.08490,1.000317
3,-0.08351,1.000522
3,-0.08212,0.999790
3,-0.08073,1.000221
3,-0.07934,0.999806
3,-0.07796,1.000119
3,-0.07657,0.999891
3,-0.07518,0.999959
3,-0.07379,0.999700
3,-0.07240,0.999336
3,-0.07101,1.000258
3,-0.06962,0.999870
3,-0.06823,0.999893
3,-0.06684,1.000209
3,-0.06546,1.000236
3,-0.06407,0.999948
3,-0.06268,0.999896
3,-0.06129,0.999434
3,-0.05990,0.998772
3,-0.05851,0.998121
3,-0.05712,0.997147
3,-0.05573,0.995788
3,-0.05434,0.994728
3,-0.05296,0.993122
3,-0.05157,0.992015
3,-0.05018,0.991115
3,-0.04879,0.989592
3,-0.04740,0.988267
3,-0.04601,0.987937
3,-0.04462,0.986470
3,-0.04323,0.986010
3,-0.04184,0.986021
3,-0.04046,0.985847
3,-0.03907,0.985762
3,-0.03768,0.985461
3,-0.03629,0.986202
3,-0.03490,0.985045
3,-0.03351,0.985353
3,-0.03212,0.985467
3,-0.03073,0.985641
3,-0.02934,0.985354
3,-0.02796,0.984505
3,-0.02657,0.984168
3,-0.02518,0.984808
3,-0.02379,0.984907
3,-0.02240,0.984366
3,-0.02101,0.984341
3,-0.01962,0.985073
3,-0.01823,0.983762
3,-0.01684,0.984428
3,-0.01546,0.984270
3,-0.01407,0.984671
3,-0.01268,0.984180
3,-0.01129,0.983975
3,-0.00990,0.984402
3,-0.00851,0.984263
3,-0.00712,0.984056
3,-0.00573,0.983634
3,-0.00435,0.984035
3,-0.00296,0.983707
3,-0.00157,0.984049
3,-0.00018,0.983768
3,0.00121,0.983308
3,0.00260,0.983602
3,0.00399,0.984249
3,0.00538,0.983884
3,0.00677,0.983848
3,0.00815,0.983512
3,0.00954,0.983898
3,0.01093,0.983854
3,0.01232,0.983545
3,0.01371,0.983808
3,0.01510,0.983474
3,0.01649,0.984112
3,0.01788,0.984251
3,0.01927,0.984399
3,0.02065,0.984878
3,0.02204,0.984547
3,0.02343,0.984592
3,0.02482,0.984669
3,0.02621,0.984582
3,0.02760,0.984250
3,0.02899,0.984170
3,0.03038,0.984969
3,0.03177,0.984539
3,0.03315,0.984808
3,0.03454,0.985139
3,0.03593,0.984995
3,0.03732,0.985686
3,0.03871,0.984940
3,0.04010,0.985611
3,0.04149,0.985719
3,0.04288,0.986814
3,0.04427,0.986256
3,0.04565,0.986828
3,0.04704,0.986652
3,0.04843,0.988047
3,0.04982,0.988624
3,0.05121,0.989621
3,0.05260,0.992126
3,0.05399,0.992035
3,0.05538,0.993607
3,0.05677,0.995056
3,0.05815,0.996002
3,0.05954,0.997339
3,0.06093,0.998172
3,0.06232,0.999309
3,0.06371,0.999313
3,0.06510,0.999917
3,0.06649,1.000104
3,0.06788,0.999695
3,0.06926,0.999843
3,0.07065,1.000650
3,0.07204,0.999969
3,0.07343,0.999981
3,0.07482,1.000325
3,0.07621,0.999976
3,0.07760,1.000026
3,0.07899,1.000523
3,0.08038,0.999710
3,0.08176,1.000521
3,0.08315,1.000345
3,0.08454,1.000236
3,0.08593,0.999452
3,0.08732,1.000180
3,0.08871,0.999509
3,0.09010,1.000088
3,0.09149,1.000062
3,0.09288,0.999503
3,0.09426,1.000231
3,0.09565,1.000172
3,0.09704,0.999794
3,0.09843,0.999655
3,0.09982,0.999980
3,0.10121,0.999785
3,0.10260,1.000110
3,0.10399,1.000303
3,0.10538,0.999873
3,0.10676,0.999962
3,0.10815,0.999844
3,0.10954,0.999701
3,0.11093,1.000196
3,0.11232,0.999667
3,0.11371,1.000171
3,0.11510,0.999931
3,0.11649,1.000148
3,0.11788,1.000262
3,0.11926,1.000432
3,0.12065,1.000199
3,0.12204,1.000579
3,0.12343,1.000081
3,0.12482,1.000965
3,0.12621,1.000324
3,0.12760,1.000007
3,0.12899,1.000302
3,0.13038,1.000221
3,0.13176,0.999954
3,0.13315,0.999802
3,0.13454,0.999916
3,0.13593,1.000244
3,0.13732,1.000002
3,0.13871,1.000124
3,0.14010,0.999992
3,0.14149,1.000011
3,0.14288,1.000062
3,0.14426,1.000290
3,0.14565,1.000164
3,0.14704,1.000424
3,0.14843,1.000071
3,0.14982,0.999965
3,0.15121,1.000375
3,0.15260,0.999802
3,0.15399,1.000207
3,0.15537,1.000122
3,0.15676,1.000304
3,0.15815,0.999994
3,0.15954,1.000056
3,0.16093,1.000222
3,0.16232,0.999787
3,0.16371,0.999732
3,0.16510,1.000317
3,0.16649,1.000317
3,0.16787,1.000256
3,0.16926,1.000229
3,0.17065,0.999782
3,0.17204,0.999589
3,0.17343,1.000048
3,0.17482,0.999977
3,0.17621,0.999507
3,0.17760,0.999970
3,0.17899,0.999824
3,0.18037,1.000209
3,0.18176,1.000384
3,0.18315,0.999634
3,0.18454,0.999829
3,0.18593,0.999864
3,0.18732,1.000009
3,0.18871,0.999829
3,0.19010,0.999932
3,0.19149,1.000041
3,0.19287,0.999690
3,0.19426,0.999384
3,0.19565,0.999974
3,0.19704,0.999732
3,0.19843,1.000000
3,0.19982,0.999858
3,0.20121,1.000007
3,0.20260,1.000028
3,0.20399,1.000346
3,0.20537,0.999585
3,0.20676,1.000092
3,0.20815,1.000443
3,0.20954,0.999633
3,0.21093,1.000113
3,0.21232,1.000439
3,0.21371,1.000456
3,0.21510,1.000681
3,0.21649,1.000025
3,0.21787,1.000184
3,0.21926,0.999900
3,0.22065,0.999909
3,0.22204,0.999847
3,0.22343,1.000098
3,0.22482,1.000008
3,0.22621,1.000079
3,0.22760,0.999618
3,0.22898,1.000021
3,0.23037,1.000146
3,0.23176,1.000034
3,0.23315,0.999585
3,0.23454,0.999632
3,0.23593,1.000172
3,0.23732,1.000223
3,0.23871,0.999446
3,0.24010,0.999784
3,0.24148,0.999897
3,0.24287,0.999908
3,0.24426,0.999656
3,0.24565,0.999405
3,0.24704,0.999457
3,0.24843,1.000109
3,0.24982,0.999436
4,-0.24998,1.000099
4,-0.24859,0.999158
4,-0.24720,1.000297
4,-0.24581,1.000023
4,-0.24442,1.000279
4,-0.24303,1.000129
4,-0.24164,0.999687
4,-0.24026,1.000346
4,-0.23887,0.999983
4,-0.23748,0.999881
4,-0.23609,1.000405
4,-0.23470,0.999945
4,-0.23331,1.000508
4,-0.23192,0.999720
4,-0.23053,0.999739
4,-0.22914,0.999873
4,-0.22776,0.999575
4,-0.22637,1.000507
4,-0.22498,1.000203
4,-0.22359,0.999535
4,-0.22220,1.000161
4,-0.22081,1.000282
4,-0.21942,1.000219
4,-0.21803,0.999517
4,-0.21664,1.000057
4,-0.21526,1.000064
4,-0.21387,0.999080
4,-0.21248,0.999954
4,-0.21109,1.000766
4,-0.20970,0.999666
4,-0.20831,1.000560
4,-0.20692,1.000362
4,-0.20553,0.999720
4,-0.20415,0.999485
4,-0.20276,0.999703
4,-0.20137,1.000580
4,-0.19998,0.999813
4,-0.19859,1.000042
4,-0.19720,0.999937
4,-0.19581,1.000143
4,-0.19442,1.000350
4,-0.19303,0.999634
4,-0.19165,1.000326
4,-0.19026,1.000000
4,-0.18887,0.999681
4,-0.18748,1.000180
4,-0.18609,1.000705
4,-0.18470,1.000006
4,-0.18331,0.999643
4,-0.18192,1.000646
4,-0.18053,1.000627
4,-0.17915,0.999658
4,-0.17776,0.999082
4,-0.17637,0.999968
4,-0.17498,1.000362
4,-0.17359,1.000372
4,-0.17220,1.000280
4,-0.17081,1.000043
4,-0.16942,1.000178
4,-0.16803,0.999696
4,-0.16665,0.999951
4,-0.16526,0.999463
4,-0.16387,0.999819
4,-0.16248,0.999708
4,-0.16109,1.000182
4,-0.15970,1.000231
4,-0.15831,0.999823
4,-0.15692,1.000323
4,-0.15553,0.999721
4,-0.15415,1.000664
4,-0.15276,0.999838
4,-0.15137,0.999691
4,-0.14998,1.000002
4,-0.14859,0.999694
4,-0.14720,0.999983
4,-0.14581,0.999728
4,-0.14442,1.000392
4,-0.14304,0.999867
4,-0.14165,0.999297
4,-0.14026,1.000304
4,-0.13887,1.000094
4,-0.13748,1.000183
4,-0.13609,1.000151
4,-0.13470,1.000159
4,-0.13331,0.999911
4,-0.13192,0.999423
4,-0.13054,0.999756
4,-0.12915,1.000135
4,-0.12776,1.000100
4,-0.12637,0.999956
4,-0.12498,0.999939
4,-0.12359,1.000105
4,-0.12220,1.000012
4,-0.12081,1.000614
4,-0.11942,0.999673
4,-0.11804,1.000650
4,-0.11665,1.000050
4,-0.11526,0.999719
4,-0.11387,0.999413
4,-0.11248,0.999782
4,-0.11109,0.999925
4,-0.10970,1.000342
4,-0.10831,1.000168
4,-0.10692,1.000367
4,-0.10554,0.999994
4,-0.10415,0.999948
4,-0.10276,0.999710
4,-0.10137,1.000258
4,-0.09998,1.000167
4,-0.09859,0.999488
4,-0.09720,0.999517
4,-0.09581,1.000334
4,-0.09442,1.000275
4,-0.09304,0.999920
4,-0.09165,0.999811
4,-0.09026,1.000353
4,-0.08887,0.999782
4,-0.08748,1.000429
4,-0.08609,0.999739
4,-0.08470,0.999749
4,-0.08331,1.000580
4,-0.08192,0.999847
4,-0.08054,1.000121
4,-0.07915,0.999866
4,-0.07776,0.999971
4,-0.07637,0.999810
4,-0.07498,1.000417
4,-0.07359,1.000185
4,-0.07220,0.999289
4,-0.07081,0.999440
4,-0.06943,1.000033
4,-0.06804,1.000439
4,-0.06665,0.999800
4,-0.06526,1.000000
4,-0.06387,0.999928
4,-0.06248,1.000305
4,-0.06109,0.999888
4,-0.05970,0.998584
4,-0.05831,0.997485
4,-0.05693,0.997216
4,-0.05554,0.996851
4,-0.05415,0.995304
4,-0.05276,0.993058
4,-0.05137,0.991955
4,-0.04998,0.990648
4,-0.04859,0.989200
4,-0.04720,0.988142
4,-0.04581,0.987811
4,-0.04443,0.986702
4,-0.04304,0.986991
4,-0.04165,0.986423
4,-0.04026,0.986147
4,-0.03887,0.985325
4,-0.03748,0.985620
4,-0.03609,0.985186
4,-0.03470,0.985269
4,-0.03331,0.985315
4,-0.03193,0.984864
4,-0.03054,0.984986
4,-0.02915,0.984224
4,-0.02776,0.984914
4,-0.02637,0.984678
4,-0.02498,0.984566
4,-0.02359,0.984897
4,-0.02220,0.984717
4,-0.02081,0.984540
4,-0.01943,0.984449
4,-0.01804,0.984261
4,-0.01665,0.984550
4,-0.01526,0.984637
4,-0.01387,0.984127
4,-0.01248,0.984527
4,-0.01109,0.984072
4,-0.00970,0.984292
4,-0.00831,0.984094
4,-0.00693,0.983376
4,-0.00554,0.983503
4,-0.00415,0.983741
4,-0.00276,0.983869
4,-0.00137,0.983778
4,0.00002,0.983334
4,0.00141,0.984353
4,0.00280,0.983474
4,0.00418,0.983803
4,0.00557,0.983740
4,0.00696,0.983497
4,0.00835,0.983819
4,0.00974,0.984359
4,0.01113,0.984022
4,0.01252,0.984195
4,0.01391,0.983406
4,0.01530,0.984299
4,0.01668,0.984383
4,0.01807,0.984532
4,0.01946,0.984245
4,0.02085,0.984179
4,0.02224,0.984428
4,0.02363,0.984401
4,0.02502,0.984883
4,0.02641,0.985260
4,0.02780,0.984669
4,0.02918,0.985008
4,0.03057,0.985356
4,0.03196,0.984717
4,0.03335,0.984616
4,0.03474,0.985816
4,0.03613,0.985626
4,0.03752,0.985723
4,0.03891,0.985743
4,0.04030,0.985189
4,0.04168,0.985963
4,0.04307,0.986074
4,0.04446,0.986104
4,0.04585,0.987084
4,0.04724,0.987350
4,0.04863,0.988392
4,0.05002,0.989223
4,0.05141,0.990552
4,0.05280,0.991810
4,0.05418,0.993043
4,0.05557,0.993988
4,0.05696,0.995171
4,0.05835,0.996683
4,0.05974,0.997260
4,0.06113,0.997656
4,0.06252,0.998187
4,0.06391,0.999719
4,0.06530,0.999895
4,0.06668,1.000340
4,0.06807,1.000042
4,0.06946,0.999554
4,0.07085,0.999842
4,0.07224,0.999943
4,0.07363,1.000067
4,0.07502,1.000121
4,0.07641,0.999421
4,0.07779,1.000599
4,0.07918,1.000294
4,0.08057,1.000227
4,0.08196,1.000337
4,0.08335,0.999700
4,0.08474,1.000485
4,0.08613,0.999958
4,0.08752,0.999849
4,0.08891,0.999966
4,0.09029,1.000248
4,0.09168,0.999463
4,0.09307,0.999378
4,0.09446,1.000291
4,0.09585,0.999368
4,0.09724,0.999842
4,0.09863,0.999851
4,0.10002,0.999783
4,0.10141,0.999755
4,0.10279,1.000122
4,0.10418,1.000371
4,0.10557,1.000202
4,0.10696,0.999896
4,0.10835,1.000088
4,0.10974,1.000406
4,0.11113,1.000038
4,0.11252,1.000187
4,0.11391,0.999550
4,0.11529,1.000589
4,0.11668,1.000434
4,0.11807,0.999693
4,0.11946,0.999587
4,0.12085,0.999661
4,0.12224,0.999434
4,0.12363,1.000424
4,0.12502,1.000207
4,0.12641,0.999678
4,0.12779,0.999797
4,0.12918,1.000461
4,0.13057,0.999977
4,0.13196,0.999367
4,0.13335,1.000382
4,0.13474,0.999872
4,0.13613,1.000167
4,0.13752,0.999921
4,0.13890,1.000106
4,0.14029,1.000400
4,0.14168,1.000027
4,0.14307,0.999466
4,0.14446,1.000551
4,0.14585,0.999470
4,0.14724,0.999745
4,0.14863,1.000553
4,0.15002,1.000065
4,0.15140,0.999589
4,0.15279,0.999671
4,0.15418,0.999334
4,0.15557,0.999339
4,0.15696,1.000298
4,0.15835,1.000509
4,0.15974,1.000025
4,0.16113,0.999803
4,0.16252,1.000370
4,0.16390,0.999664
4,0.16529,0.999672
4,0.16668,1.000589
4,0.16807,1.000182
4,0.16946,1.000111
4,0.17085,1.000318
4,0.17224,1.000414
4,0.17363,0.999379
4,0.17502,1.000944
4,0.17640,0.999542
4,0.17779,1.000123
4,0.17918,0.999263
4,0.18057,0.999886
4,0.18196,0.999733
4,0.18335,1.000855
4,0.18474,1.000266
4,0.18613,1.000534
4,0.18752,0.999519
4,0.18890,0.999893
4,0.19029,0.999675
4,0.19168,1.000033
4,0.19307,0.999625
4,0.19446,1.000174
4,0.19585,0.999534
4,0.19724,1.000352
4,0.19863,0.999228
4,0.20002,0.999458
4,0.20140,0.999992
4,0.20279,0.999855
4,0.20418,1.000317
4,0.20557,1.000701
4,0.20696,0.999661
4,0.20835,1.000421
4,0.20974,0.999494
4,0.21113,1.000884
4,0.21251,1.000180
4,0.21390,1.000192
4,0.21529,0.999945
4,0.21668,1.000684
4,0.21807,0.999205
4,0.21946,1.000060
4,0.22085,1.000189
4,0.22224,1.000335
4,0.22363,1.000075
4,0.22501,0.999925
4,0.22640,1.000061
4,0.22779,1.000077
4,0.22918,0.999728
4,0.23057,1.000138
4,0.23196,1.000408
4,0.23335,1.000310
4,0.23474,0.999872
4,0.23613,0.999983
4,0.23751,1.000115
4,0.23890,0.999504
4,0.24029,1.000165
4,0.24168,1.000229
4,0.24307,1.000258
4,0.24446,0.999865
4,0.24585,1.000629
4,0.24724,0.999687
4,0.24863,0.999560
5,-0.24979,0.999992
5,-0.24840,1.000262
5,-0.24701,0.999407
5,-0.24562,1.000055
5,-0.24423,0.999539
5,-0.24285,0.999824
5,-0.24146,0.999256
5,-0.24007,1.000170
5,-0.23868,1.000516
5,-0.23729,1.000204
5,-0.23590,1.000219
5,-0.23451,1.000438
5,-0.23312,1.000194
5,-0.23174,1.000057
5,-0.23035,1.000837
5,-0.22896,1.000101
5,-0.22757,1.000050
5,-0.22618,0.999601
5,-0.22479,1.000234
5,-0.22340,0.999570
5,-0.22201,0.999629
5,-0.22062,0.999523
5,-0.21924,0.999783
5,-0.21785,0.999998
5,-0.21646,1.000563
5,-0.21507,0.999617
5,-0.21368,1.000061
5,-0.21229,0.999222
5,-0.21090,0.999593
5,-0.20951,1.000017
5,-0.20812,0.999974
5,-0.20674,0.999938
5,-0.20535,1.000051
5,-0.20396,0.999728
5,-0.20257,1.000393
5,-0.20118,0.999651
5,-0.19979,0.999514
5,-0.19840,0.999500
5,-0.19701,0.999676
5,-0.19562,1.000329
5,-0.19424,1.000387
5,-0.19285,0.999967
5,-0.19146,0.999788
5,-0.19007,0.999949
5,-0.18868,0.999683
5,-0.18729,1.000035
5,-0.18590,1.001076
5,-0.18451,0.999923
5,-0.18313,1.000008
5,-0.18174,1.000374
5,-0.18035,0.999809
5,-0.17896,1.000136
5,-0.17757,1.000150
5,-0.17618,1.000168
5,-0.17479,0.999974
5,-0.17340,1.000692
5,-0.17201,0.999513
5,-0.17063,1.000292
5,-0.16924,1.000070
5,-0.16785,0.999814
5,-0.16646,0.999350
5,-0.16507,1.000090
5,-0.16368,1.000281
5,-0.16229,1.000163
5,-0.16090,1.000518
5,-0.15951,0.999820
5,-0.15813,0.999660
5,-0.15674,0.999526
5,-0.15535,1.000289
5,-0.15396,1.000499
5,-0.15257,1.000643
5,-0.15118,0.999854
5,-0.14979,0.999780
5,-0.14840,0.999371
5,-0.14701,0.999849
5,-0.14563,0.999800
5,-0.14424,0.999826
5,-0.14285,0.999929
5,-0.14146,1.000774
5,-0.14007,0.999670
5,-0.13868,1.000119
5,-0.13729,1.000186
5,-0.13590,1.000399
5,-0.13452,0.999917
5,-0.13313,1.000078
5,-0.13174,0.999596
5,-0.13035,1.000216
5,-0.12896,1.000223
5,-0.12757,1.000066
5,-0.12618,1.000414
5,-0.12479,0.999702
5,-0.12340,1.000215
5,-0.12202,0.999832
5,-0.12063,0.999656
5,-0.11924,1.000297
5,-0.11785,0.999887
5,-0.11646,0.999241
5,-0.11507,1.000044
5,-0.11368,0.999461
5,-0.11229,0.999557
5,-0.11090,1.000563
5,-0.10952,0.999885
5,-0.10813,0.999996
5,-0.10674,1.000497
5,-0.10535,0.999581
5,-0.10396,1.000498
5,-0.10257,1.001219
5,-0.10118,1.000449
5,-0.09979,0.999759
5,-0.09840,0.999930
5,-0.09702,0.999678
5,-0.09563,1.000423
5,-0.09424,0.999960
5,-0.09285,0.999992
5,-0.09146,1.000001
5,-0.09007,1.000018
5,-0.08868,1.000038
5,-0.08729,1.000025
5,-0.08591,0.999691
5,-0.08452,0.999622
5,-0.08313,0.999698
5,-0.08174,0.999709
5,-0.08035,0.999456
5,-0.07896,0.999614
5,-0.07757,0.999955
5,-0.07618,1.000377
5,-0.07479,1.000154
5,-0.07341,0.999753
5,-0.07202,0.999926
5,-0.07063,0.999896
5,-0.06924,0.999852
5,-0.06785,0.999872
5,-0.06646,0.999752
5,-0.06507,1.000386
5,-0.06368,1.000198
5,-0.06229,0.999920
5,-0.06091,0.998910
5,-0.05952,0.998690
5,-0.05813,0.997844
5,-0.05674,0.996288
5,-0.05535,0.994493
5,-0.05396,0.994171
5,-0.05257,0.993332
5,-0.05118,0.991597
5,-0.04979,0.990247
5,-0.04841,0.989520
5,-0.04702,0.988593
5,-0.04563,0.987175
5,-0.04424,0.986712
5,-0.04285,0.986861
5,-0.04146,0.986335
5,-0.04007,0.986185
5,-0.03868,0.985754
5,-0.03730,0.985529
5,-0.03591,0.985171
5,-0.03452,0.984921
5,-0.03313,0.985635
5,-0.03174,0.984938
5,-0.03035,0.984341
5,-0.02896,0.984161
5,-0.02757,0.984982
5,-0.02618,0.984474
5,-0.02480,0.984047
5,-0.02341,0.984139
5,-0.02202,0.984405
5,-0.02063,0.984180
5,-0.01924,0.984571
5,-0.01785,0.984185
5,-0.01646,0.983272
5,-0.01507,0.984001
5,-0.01368,0.983966
5,-0.01230,0.983780
5,-0.01091,0.983974
5,-0.00952,0.983721
5,-0.00813,0.983697
5,-0.00674,0.983775
5,-0.00535,0.983996
5,-0.00396,0.984236
5,-0.00257,0.983917
5,-0.00119,0.984234
5,0.00020,0.983668
5,0.00159,0.984419
5,0.00298,0.983949
5,0.00437,0.983564
5,0.00576,0.984228
5,0.00715,0.983865
5,0.00854,0.983623
5,0.00993,0.984137
5,0.01131,0.983932
5,0.01270,0.984180
5,0.01409,0.984402
5,0.01548,0.983937
5,0.01687,0.984420
5,0.01826,0.984225
5,0.01965,0.984298
5,0.02104,0.984001
5,0.02243,0.984594
5,0.02381,0.983789
5,0.02520,0.984380
5,0.02659,0.984559
5,0.02798,0.984477
5,0.02937,0.984611
5,0.03076,0.984788
5,0.03215,0.985067
5,0.03354,0.984997
5,0.03493,0.984666
5,0.03631,0.984952
5,0.03770,0.985375
5,0.03909,0.985646
5,0.04048,0.985940
5,0.04187,0.986265
5,0.04326,0.986271
5,0.04465,0.986466
5,0.04604,0.987160
5,0.04742,0.986822
5,0.04881,0.988199
5,0.05020,0.988910
5,0.05159,0.990055
5,0.05298,0.991400
5,0.05437,0.993094
5,0.05576,0.993842
5,0.05715,0.995420
5,0.05854,0.996713
5,0.05992,0.997470
5,0.06131,0.998461
5,0.06270,0.998829
5,0.06409,0.999944
5,0.06548,1.000233
5,0.06687,0.999754
5,0.06826,1.000083
5,0.06965,1.000315
5,0.07104,1.000153
5,0.07242,1.000359
5,0.07381,1.000167
5,0.07520,1.000652
5,0.07659,0.999529
5,0.07798,1.000043
5,0.07937,1.000323
5,0.08076,1.000666
5,0.08215,0.999706
5,0.08354,1.000156
5,0.08492,0.999929
5,0.08631,0.999859
5,0.08770,1.000203
5,0.08909,1.000003
5,0.09048,1.000088
5,0.09187,0.999646
5,0.09326,1.000131
5,0.09465,0.999920
5,0.09603,1.000096
5,0.09742,0.999548
5,0.09881,1.000004
5,0.10020,1.000142
5,0.10159,0.999948
5,0.10298,0.999854
5,0.10437,0.999518
5,0.10576,0.999948
5,0.10715,1.000044
5,0.10853,0.999899
5,0.10992,0.999911
5,0.11131,0.999932
5,0.11270,1.000395
5,0.11409,1.000168
5,0.11548,0.999648
5,0.11687,1.000673
5,0.11826,0.999800
5,0.11965,1.000180
5,0.12103,1.000179
5,0.12242,1.000028
5,0.12381,1.000299
5,0.12520,1.000068
5,0.12659,0.999484
5,0.12798,1.000024
5,0.12937,1.000169
5,0.13076,1.000517
5,0.13215,1.000347
5,0.13353,1.000198
5,0.13492,0.999773
5,0.13631,1.000188
5,0.13770,1.000561
5,0.13909,0.999640
5,0.14048,0.999843
5,0.14187,1.000292
5,0.14326,1.000048
5,0.14464,1.000033
5,0.14603,1.000051
5,0.14742,0.999771
5,0.14881,1.000291
5,0.15020,0.999744
5,0.15159,1.000325
5,0.15298,0.999604
5,0.15437,0.999878
5,0.15576,1.000035
5,0.15714,1.000373
5,0.15853,0.999572
5,0.15992,0.999911
5,0.16131,1.000038
5,0.16270,1.000245
5,0.16409,1.000499
5,0.16548,1.000509
5,0.16687,1.000006
5,0.16826,0.999851
5,0.16964,0.999561
5,0.17103,1.000178
5,0.17242,0.999738
5,0.17381,0.999770
5,0.17520,1.000267
5,0.17659,1.000022
5,0.17798,1.000332
5,0.17937,0.999558
5,0.18075,0.999974
5,0.18214,0.999725
5,0.18353,0.999844
5,0.18492,1.000473
5,0.18631,0.999802
5,0.18770,0.999999
5,0.18909,0.999826
5,0.19048,1.000029
5,0.19187,1.000213
5,0.19325,1.000530
5,0.19464,0.999379
5,0.19603,1.000135
5,0.19742,1.000078
5,0.19881,1.000318
5,0.20020,0.999454
5,0.20159,1.000208
5,0.20298,0.999619
5,0.20437,1.000210
5,0.20575,0.999583
5,0.20714,1.000147
5,0.20853,0.999566
5,0.20992,0.999983
5,0.21131,0.999772
5,0.21270,0.999634
5,0.21409,0.999645
5,0.21548,1.000331
5,0.21687,0.999696
5,0.21825,1.000170
5,0.21964,0.999906
5,0.22103,0.999360
5,0.22242,0.999698
5,0.22381,0.999454
5,0.22520,0.999872
5,0.22659,1.000234
5,0.22798,0.999881
5,0.22936,0.999680
5,0.23075,1.000676
5,0.23214,1.000154
5,0.23353,1.000027
5,0.23492,0.999940
5,0.23631,1.000353
5,0.23770,0.999583
5,0.23909,0.999973
5,0.24048,1.000376
5,0.24186,1.000371
5,0.24325,1.000215
5,0.24464,0.999785
5,0.24603,1.000000
5,0.24742,1.000353
5,0.24881,1.000112
6,-0.24964,1.000042
6,-0.24825,0.999370
6,-0.24686,1.000159
6,-0.24547,1.000787
6,-0.24408,0.999945
6,-0.24269,1.000555
6,-0.24130,1.000765
6,-0.23991,0.999858
6,-0.23852,0.999998
6,-0.23714,1.000562
6,-0.23575,0.999727
6,-0.23436,1.000450
6,-0.23297,0.999918
6,-0.23158,1.000100
6,-0.23019,1.000196
6,-0.22880,1.000390
6,-0.22741,0.999868
6,-0.22603,1.000047
6,-0.22464,1.000600
6,-0.22325,0.999663
6,-0.22186,1.000130
6,-0.22047,1.000217
6,-0.21908,0.999848
6,-0.21769,0.999422
6,-0.21630,1.000152
6,-0.21491,0.999696
6,-0.21353,0.999807
6,-0.21214,1.000428
6,-0.21075,0.999623
6,-0.20936,1.000490
6,-0.20797,1.000460
6,-0.20658,0.999517
6,-0.20519,0.999769
6,-0.20380,1.000407
6,-0.20241,0.999197
6,-0.20103,0.999989
6,-0.19964,1.000119
6,-0.19825,1.000440
6,-0.19686,0.999934
6,-0.19547,1.000432
6,-0.19408,0.999980
6,-0.19269,1.001170
6,-0.19130,0.999454
6,-0.18992,1.000264
6,-0.18853,1.000239
6,-0.18714,0.999480
6,-0.18575,0.999961
6,-0.18436,0.999586
6,-0.18297,0.999857
6,-0.18158,0.999969
6,-0.18019,0.999850
6,-0.17880,0.999697
6,-0.17742,1.000311
6,-0.17603,0.999962
6,-0.17464,0.999264
6,-0.17325,1.000261
6,-0.17186,0.999410
6,-0.17047,0.999734
6,-0.16908,0.999840
6,-0.16769,0.999987
6,-0.16630,1.000037
6,-0.16492,0.999650
6,-0.16353,0.999665
6,-0.16214,0.999963
6,-0.16075,1.000092
6,-0.15936,1.000002
6,-0.15797,0.999891
6,-0.15658,0.999668
6,-0.15519,0.999562
6,-0.15381,0.999856
6,-0.15242,1.000253
6,-0.15103,1.000058
6,-0.14964,1.000584
6,-0.14825,0.999617
6,-0.14686,0.999558
6,-0.14547,0.999953
6,-0.14408,1.000013
6,-0.14269,1.000227
6,-0.14131,0.999267
6,-0.13992,1.000363
6,-0.13853,1.000121
6,-0.13714,0.999497
6,-0.13575,1.000630
6,-0.13436,0.999363
6,-0.13297,0.999535
6,-0.13158,1.000044
6,-0.13019,1.000149
6,-0.12881,1.000191
6,-0.12742,0.999703
6,-0.12603,1.000122
6,-0.12464,0.999868
6,-0.12325,1.000397
6,-0.12186,0.999483
6,-0.12047,0.999922
6,-0.11908,0.999751
6,-0.11770,1.000185
6,-0.11631,1.000002
6,-0.11492,0.999458
6,-0.11353,0.999040
6,-0.11214,1.000179
6,-0.11075,1.000019
6,-0.10936,1.000062
6,-0.10797,1.000095
6,-0.10658,0.999924
6,-0.10520,1.000389
6,-0.10381,0.999893
6,-0.10242,1.000189
6,-0.10103,1.000240
6,-0.09964,1.000144
6,-0.09825,1.000523
6,-0.09686,0.999550
6,-0.09547,1.000368
6,-0.09408,0.999925
6,-0.09270,1.000434
6,-0.09131,1.000017
6,-0.08992,0.999771
6,-0.08853,1.000419
6,-0.08714,1.000128
6,-0.08575,0.999795
6,-0.08436,1.000199
6,-0.08297,0.999896
6,-0.08159,0.999690
6,-0.08020,1.000277
6,-0.07881,0.999825
6,-0.07742,0.999754
6,-0.07603,0.999483
6,-0.07464,0.999496
6,-0.07325,0.999929
6,-0.07186,1.000118
6,-0.07047,1.000222
6,-0.06909,0.999877
6,-0.06770,1.000032
6,-0.06631,0.999849
6,-0.06492,1.000334
6,-0.06353,0.999955
6,-0.06214,1.000387
6,-0.06075,0.999407
6,-0.05936,0.998016
6,-0.05797,0.997910
6,-0.05659,0.997088
6,-0.05520,0.995252
6,-0.05381,0.993881
6,-0.05242,0.992943
6,-0.05103,0.992245
6,-0.04964,0.990308
6,-0.04825,0.989515
6,-0.04686,0.987445
6,-0.04548,0.987452
6,-0.04409,0.986249
6,-0.04270,0.986505
6,-0.04131,0.986405
6,-0.03992,0.985991
6,-0.03853,0.985741
6,-0.03714,0.985836
6,-0.03575,0.984959
6,-0.03436,0.985751
6,-0.03298,0.984850
6,-0.03159,0.984858
6,-0.03020,0.984270
6,-0.02881,0.984903
6,-0.02742,0.984626
6,-0.02603,0.984910
6,-0.02464,0.984582
6,-0.02325,0.984190
6,-0.02186,0.984196
6,-0.02048,0.984492
6,-0.01909,0.983811
6,-0.01770,0.983838
6,-0.01631,0.984667
6,-0.01492,0.983730
6,-0.01353,0.984659
6,-0.01214,0.984347
6,-0.01075,0.984529
6,-0.00937,0.983995
6,-0.00798,0.983735
6,-0.00659,0.983807
6,-0.00520,0.983907
6,-0.00381,0.983934
6,-0.00242,0.983673
6,-0.00103,0.984282
6,0.00036,0.984146
6,0.00175,0.983527
6,0.00313,0.984104
6,0.00452,0.984323
6,0.00591,0.983894
6,0.00730,0.983985
6,0.00869,0.984710
6,0.01008,0.983961
6,0.01147,0.983913
6,0.01286,0.984267
6,0.01425,0.983522
6,0.01563,0.983819
6,0.01702,0.984253
6,0.01841,0.984782
6,0.01980,0.984105
6,0.02119,0.984260
6,0.02258,0.984439
6,0.02397,0.984655
6,0.02536,0.984729
6,0.02674,0.985003
6,0.02813,0.985273
6,0.02952,0.985072
6,0.03091,0.984517
6,0.03230,0.984767
6,0.03369,0.985354
6,0.03508,0.984920
6,0.03647,0.985282
6,0.03786,0.985150
6,0.03924,0.985675
6,0.04063,0.986146
6,0.04202,0.986066
6,0.04341,0.986562
6,0.04480,0.986261
6,0.04619,0.986146
6,0.04758,0.987746
6,0.04897,0.987941
6,0.05036,0.989043
6,0.05174,0.990053
6,0.05313,0.992046
6,0.05452,0.992608
6,0.05591,0.993819
6,0.05730,0.995116
6,0.05869,0.996728
6,0.06008,0.997587
6,0.06147,0.998940
6,0.06285,0.999517
6,0.06424,0.999954
6,0.06563,0.999519
6,0.06702,1.000305
6,0.06841,1.000209
6,0.06980,1.000044
6,0.07119,1.000139
6,0.07258,0.999933
6,0.07397,1.000391
6,0.07535,0.999850
6,0.07674,0.999984
6,0.07813,0.999828
6,0.07952,1.000041
6,0.08091,1.000071
6,0.08230,1.000143
6,0.08369,1.000602
6,0.08508,0.999571
6,0.08647,1.000035
6,0.08785,0.999843
6,0.08924,0.999784
6,0.09063,0.999881
6,0.09202,0.999265
6,0.09341,1.000333
6,0.09480,1.000279
6,0.09619,1.000265
6,0.09758,0.999621
6,0.09896,1.000117
6,0.10035,0.999905
6,0.10174,0.999822
6,0.10313,0.999836
6,0.10452,0.999925
6,0.10591,0.999911
6,0.10730,0.999835
6,0.10869,0.999898
6,0.11008,1.000189
6,0.11146,0.999675
6,0.11285,1.000134
6,0.11424,0.999992
6,0.11563,0.999774
6,0.11702,0.999897
6,0.11841,1.000004
6,0.11980,1.000152
6,0.12119,0.999737
6,0.12258,1.000314
6,0.12396,1.000633
6,0.12535,1.000232
6,0.12674,1.000216
6,0.12813,1.000168
6,0.12952,0.999535
6,0.13091,1.000245
6,0.13230,1.001287
6,0.13369,1.000686
6,0.13507,1.000119
6,0.13646,1.000247
6,0.13785,0.999791
6,0.13924,0.999928
6,0.14063,1.000189
6,0.14202,1.000077
6,0.14341,0.999720
6,0.14480,0.999809
6,0.14619,0.999660
6,0.14757,1.000434
6,0.14896,1.000777
6,0.15035,1.000062
6,0.15174,0.999372
6,0.15313,0.999759
6,0.15452,1.000110
6,0.15591,1.000370
6,0.15730,1.000186
6,0.15869,1.000255
6,0.16007,0.999861
6,0.16146,0.999754
6,0.16285,1.000196
6,0.16424,0.999824
6,0.16563,0.999996
6,0.16702,0.999707
6,0.16841,0.999441
6,0.16980,1.000380
6,0.17118,1.000339
6,0.17257,0.999993
6,0.17396,1.000060
6,0.17535,1.000296
6,0.17674,1.000660
6,0.17813,1.000423
6,0.17952,1.000074
6,0.18091,0.999584
6,0.18230,0.999094
6,0.18368,0.999959
6,0.18507,0.999860
6,0.18646,1.000292
6,0.18785,1.000736
6,0.18924,1.000004
6,0.19063,0.999622
6,0.19202,0.999917
6,0.19341,0.999850
6,0.19480,0.999510
6,0.19618,0.999916
6,0.19757,1.000145
6,0.19896,0.999902
6,0.20035,1.000153
6,0.20174,1.000224
6,0.20313,1.000089
6,0.20452,0.999916
6,0.20591,0.999938
6,0.20729,0.999785
6,0.20868,1.000000
6,0.21007,0.999711
6,0.21146,1.000290
6,0.21285,1.000066
6,0.21424,0.999551
6,0.21563,0.999018
6,0.21702,1.000177
6,0.21841,1.000356
6,0.21979,1.000357
6,0.22118,1.000091
6,0.22257,1.000065
6,0.22396,0.999785
6,0.22535,0.999554
6,0.22674,0.999861
6,0.22813,0.999735
6,0.22952,0.999509
6,0.23091,1.000076
6,0.23229,1.000218
6,0.23368,0.999849
6,0.23507,0.999790
6,0.23646,1.000467
6,0.23785,1.000148
6,0.23924,1.000648
6,0.24063,0.999592
6,0.24202,1.000429
6,0.24340,1.000277
6,0.24479,0.999564
6,0.24618,1.000339
6,0.24757,0.999731
6,0.24896,0.999577
7,-0.24950,0.999999
7,-0.24811,0.999986
7,-0.24672,0.999921
7,-0.24533,0.999504
7,-0.24394,0.999894
7,-0.24256,1.000356
7,-0.24117,0.999584
7,-0.23978,1.000417
7,-0.23839,0.999979
7,-0.23700,0.999926
7,-0.23561,1.000105
7,-0.23422,1.000148
7,-0.23283,1.000357
7,-0.23144,1.000005
7,-0.23006,0.999891
7,-0.22867,1.000259
7,-0.22728,0.999484
7,-0.22589,1.000463
7,-0.22450,0.999800
7,-0.22311,1.000407
7,-0.22172,0.999683
7,-0.22033,0.999768
7,-0.21894,0.999960
7,-0.21756,1.000068
7,-0.21617,0.999862
7,-0.21478,1.000577
7,-0.21339,0.999937
7,-0.21200,1.000172
7,-0.21061,1.000036
7,-0.20922,0.999545
7,-0.20783,0.999982
7,-0.20645,1.000128
7,-0.20506,1.000196
7,-0.20367,0.999989
7,-0.20228,0.999818
7,-0.20089,1.000041
7,-0.19950,1.000074
7,-0.19811,0.999618
7,-0.19672,0.999912
7,-0.19533,0.999438
7,-0.19395,0.999759
7,-0.19256,1.000115
7,-0.19117,1.000561
7,-0.18978,1.000378
7,-0.18839,0.999634
7,-0.18700,1.000207
7,-0.18561,0.999585
7,-0.18422,0.999894
7,-0.18283,0.999616
7,-0.18145,1.000163
7,-0.18006,0.999586
7,-0.17867,1.000246
7,-0.17728,1.000113
7,-0.17589,1.000050
7,-0.17450,1.000142
7,-0.17311,0.999679
7,-0.17172,1.000113
7,-0.17034,1.000120
7,-0.16895,1.000320
7,-0.16756,1.000117
7,-0.16617,0.999736
7,-0.16478,0.999941
7,-0.16339,1.000358
7,-0.16200,1.000441
7,-0.16061,1.000013
7,-0.15922,1.000208
7,-0.15784,0.999834
7,-0.15645,0.999803
7,-0.15506,1.000157
7,-0.15367,0.999786
7,-0.15228,1.000122
7,-0.15089,1.000429
7,-0.14950,1.000092
7,-0.14811,1.000013
7,-0.14673,1.000043
7,-0.14534,1.000200
7,-0.14395,0.999708
7,-0.14256,1.000001
7,-0.14117,1.000327
7,-0.13978,1.000323
7,-0.13839,1.000211
7,-0.13700,0.999941
7,-0.13561,1.000443
7,-0.13423,0.999923
7,-0.13284,1.000122
7,-0.13145,1.000020
7,-0.13006,0.999693
7,-0.12867,0.999456
7,-0.12728,1.000003
7,-0.12589,1.000004
7,-0.12450,0.999971
7,-0.12311,0.999787
7,-0.12173,1.000041
7,-0.12034,0.999865
7,-0.11895,1.000032
7,-0.11756,1.000275
7,-0.11617,0.999509
7,-0.11478,1.000146
7,-0.11339,0.999382
7,-0.11200,0.999581
7,-0.11062,0.999841
7,-0.10923,1.000524
7,-0.10784,0.999129
7,-0.10645,0.999814
7,-0.10506,0.999987
7,-0.10367,1.000067
7,-0.10228,0.999767
7,-0.10089,1.000259
7,-0.09950,0.999986
7,-0.09812,0.999730
7,-0.09673,1.000020
7,-0.09534,0.999757
7,-0.09395,1.000331
7,-0.09256,1.000378
7,-0.09117,1.000060
7,-0.08978,0.999936
7,-0.08839,1.000184
7,-0.08700,0.999831
7,-0.08562,0.999624
7,-0.08423,0.999852
7,-0.08284,0.999813
7,-0.08145,1.000152
7,-0.08006,0.999883
7,-0.07867,1.000158
7,-0.07728,0.999800
7,-0.07589,1.000170
7,-0.07451,0.999615
7,-0.07312,0.999996
7,-0.07173,0.999664
7,-0.07034,0.999678
7,-0.06895,0.999860
7,-0.06756,0.999766
7,-0.06617,1.000077
7,-0.06478,0.999523
7,-0.06339,1.000148
7,-0.06201,0.999958
7,-0.06062,0.998980
7,-0.05923,0.998355
7,-0.05784,0.997168
7,-0.05645,0.996466
7,-0.05506,0.995384
7,-0.05367,0.994300
7,-0.05228,0.992865
7,-0.05090,0.990975
7,-0.04951,0.990076
7,-0.04812,0.989486
7,-0.04673,0.987616
7,-0.04534,0.987481
7,-0.04395,0.986675
7,-0.04256,0.986127
7,-0.04117,0.985595
7,-0.03978,0.986143
7,-0.03840,0.985585
7,-0.03701,0.985446
7,-0.03562,0.985840
7,-0.03423,0.985520
7,-0.03284,0.985593
7,-0.03145,0.984971
7,-0.03006,0.985195
7,-0.02867,0.984805
7,-0.02728,0.984924
7,-0.02590,0.984494
7,-0.02451,0.984722
7,-0.02312,0.984472
7,-0.02173,0.984123
7,-0.02034,0.984797
7,-0.01895,0.984113
7,-0.01756,0.984076
7,-0.01617,0.983690
7,-0.01479,0.984052
7,-0.01340,0.983824
7,-0.01201,0.984356
7,-0.01062,0.984196
7,-0.00923,0.984364
7,-0.00784,0.984239
7,-0.00645,0.984703
7,-0.00506,0.983717
7,-0.00367,0.983379
7,-0.00229,0.984185
7,-0.00090,0.983654
7,0.00049,0.983666
7,0.00188,0.983731
7,0.00327,0.983308
7,0.00466,0.983800
7,0.00605,0.983490
7,0.00744,0.983892
7,0.00883,0.983978
7,0.01021,0.983379
7,0.01160,0.983688
7,0.01299,0.984295
7,0.01438,0.983697
7,0.01577,0.984570
7,0.01716,0.984046
7,0.01855,0.983939
7,0.01994,0.984078
7,0.02132,0.983733
7,0.02271,0.984318
7,0.02410,0.984571
7,0.02549,0.984644
7,0.02688,0.985184
7,0.02827,0.984652
7,0.02966,0.984142
7,0.03105,0.984850
7,0.03244,0.984995
7,0.03382,0.984910
7,0.03521,0.984927
7,0.03660,0.985473
7,0.03799,0.985773
7,0.03938,0.985830
7,0.04077,0.985808
7,0.04216,0.986533
7,0.04355,0.986011
7,0.04493,0.986485
7,0.04632,0.986587
7,0.04771,0.988000
7,0.04910,0.988084
7,0.05049,0.989834
7,0.05188,0.990363
7,0.05327,0.992074
7,0.05466,0.992983
7,0.05605,0.993767
7,0.05743,0.995000
7,0.05882,0.996725
7,0.06021,0.997308
7,0.06160,0.998213
7,0.06299,0.999873
7,0.06438,0.999842
7,0.06577,1.000089
7,0.06716,0.999810
7,0.06855,1.001531
7,0.06993,0.999792
7,0.07132,1.000468
7,0.07271,0.999282
7,0.07410,1.000114
7,0.07549,1.000103
7,0.07688,1.000236
7,0.07827,1.000314
7,0.07966,0.999971
7,0.08104,1.000085
7,0.08243,1.000128
7,0.08382,0.999956
7,0.08521,1.000111
7,0.08660,0.999944
7,0.08799,0.999964
7,0.08938,0.999927
7,0.09077,1.000094
7,0.09216,1.000390
7,0.09354,1.000364
7,0.09493,0.999571
7,0.09632,1.000153
7,0.09771,1.000396
7,0.09910,1.000065
7,0.10049,0.999955
7,0.10188,1.000140
7,0.10327,0.999403
7,0.10466,1.000176
7,0.10604,0.999521
7,0.10743,0.999972
7,0.10882,1.000129
7,0.11021,1.000081
7,0.11160,0.999978
7,0.11299,0.999952
7,0.11438,0.999731
7,0.11577,1.000523
7,0.11715,0.999626
7,0.11854,1.000243
7,0.11993,1.000070
7,0.12132,1.000280
7,0.12271,1.000205
7,0.12410,1.000232
7,0.12549,1.000525
7,0.12688,1.000226
7,0.12827,1.000304
7,0.12965,1.000235
7,0.13104,0.999979
7,0.13243,1.000306
7,0.13382,1.000311
7,0.13521,0.999688
7,0.13660,1.000574
7,0.13799,1.000501
7,0.13938,0.999783
7,0.14076,1.000027
7,0.14215,1.000114
7,0.14354,0.999633
7,0.14493,1.000152
7,0.14632,0.999874
7,0.14771,0.999864
7,0.14910,0.999369
7,0.15049,1.000069
7,0.15188,1.000066
7,0.15326,1.000468
7,0.15465,1.000383
7,0.15604,1.000195
7,0.15743,0.999793
7,0.15882,0.999444
7,0.16021,1.000042
7,0.16160,0.999423
7,0.16299,0.999917
7,0.16438,0.999963
7,0.16576,0.999437
7,0.16715,1.000086
7,0.16854,0.999909
7,0.16993,1.000258
7,0.17132,1.000018
7,0.17271,1.000114
7,0.17410,0.999721
7,0.17549,0.999695
7,0.17687,0.999965
7,0.17826,1.000180
7,0.17965,0.999729
7,0.18104,1.000026
7,0.18243,1.000168
7,0.18382,1.000055
7,0.18521,0.999795
7,0.18660,0.999892
7,0.18799,0.999297
7,0.18937,0.999964
7,0.19076,0.999845
7,0.19215,0.999868
7,0.19354,0.999796
7,0.19493,0.999988
7,0.19632,1.000149
7,0.19771,0.999950
7,0.19910,1.000016
7,0.20049,0.999439
7,0.20187,1.000152
7,0.20326,1.000414
7,0.20465,1.000535
7,0.20604,1.000277
7,0.20743,0.999868
7,0.20882,1.000022
7,0.21021,0.999961
7,0.21160,1.000220
7,0.21298,1.000170
7,0.21437,0.999860
7,0.21576,0.999402
7,0.21715,0.999753
7,0.21854,1.000516
7,0.21993,1.000252
7,0.22132,1.000125
7,0.22271,0.999950
7,0.22410,0.999941
7,0.22548,1.000016
7,0.22687,0.999680
7,0.22826,0.999972
7,0.22965,1.000000
7,0.23104,1.000178
7,0.23243,1.000168
7,0.23382,0.999819
7,0.23521,1.000172
7,0.23659,1.000062
7,0.23798,1.000384
7,0.23937,1.000289
7,0.24076,0.999704
7,0.24215,1.000136
7,0.24354,1.000151
7,0.24493,0.999612
7,0.24632,0.999668
7,0.24771,0.999455
7,0.24909,1.000010
8,-0.24937,0.999682
8,-0.24799,0.999579
8,-0.24660,1.000163
8,-0.24521,1.000156
8,-0.24382,0.999558
8,-0.24243,1.000035
8,-0.24104,0.999841
8,-0.23965,1.000263
8,-0.23826,1.000008
8,-0.23688,1.000184
8,-0.23549,0.999711
8,-0.23410,1.000102
8,-0.23271,0.999704
8,-0.23132,0.999553
8,-0.22993,0.999699
8,-0.22854,1.000356
8,-0.22715,1.000453
8,-0.22576,1.000303
8,-0.22438,1.000426
8,-0.22299,1.000216
8,-0.22160,0.999646
8,-0.22021,1.000295
8,-0.21882,0.999154
8,-0.21743,1.000038
8,-0.21604,0.999673
8,-0.21465,0.999922
8,-0.21326,0.999903
8,-0.21188,1.000015
8,-0.21049,0.999410
8,-0.20910,1.000081
8,-0.20771,1.000201
8,-0.20632,0.999921
8,-0.20493,1.000260
8,-0.20354,0.999965
8,-0.20215,0.999936
8,-0.20077,1.000201
8,-0.19938,0.999557
8,-0.19799,0.999433
8,-0.19660,1.000258
8,-0.19521,0.999870
8,-0.19382,1.000503
8,-0.19243,1.000575
8,-0.19104,0.999846
8,-0.18965,0.999904
8,-0.18827,1.000063
8,-0.18688,0.999730
8,-0.18549,0.999923
8,-0.18410,1.000256
8,-0.18271,0.999547
8,-0.18132,1.000310
8,-0.17993,1.000119
8,-0.17854,0.999866
8,-0.17716,0.999818
8,-0.17577,1.000369
8,-0.17438,1.000207
8,-0.17299,1.000230
8,-0.17160,1.000245
8,-0.17021,1.000253
8,-0.16882,0.999281
8,-0.16743,1.000148
8,-0.16604,1.000418
8,-0.16466,1.000306
8,-0.16327,1.000140
8,-0.16188,1.000185
8,-0.16049,0.999710
8,-0.15910,1.000282
8,-0.15771,1.000146
8,-0.15632,0.999837
8,-0.15493,1.000410
8,-0.15354,1.000114
8,-0.15216,0.999955
8,-0.15077,1.000234
8,-0.14938,1.000429
8,-0.14799,1.000035
8,-0.14660,0.999630
8,-0.14521,0.999621
8,-0.14382,0.999295
8,-0.14243,1.000169
8,-0.14105,0.999893
8,-0.13966,0.999956
8,-0.13827,0.999822
8,-0.13688,1.000358
8,-0.13549,0.999796
8,-0.13410,0.999982
8,-0.13271,1.000189
8,-0.13132,0.999599
8,-0.12993,1.000635
8,-0.12855,1.000215
8,-0.12716,0.999970
8,-0.12577,1.000307
8,-0.12438,0.999860
8,-0.12299,1.000291
8,-0.12160,0.999736
8,-0.12021,0.999813
8,-0.11882,0.999881
8,-0.11743,1.000110
8,-0.11605,0.999958
8,-0.11466,0.999687
8,-0.11327,0.999664
8,-0.11188,0.999954
8,-0.11049,0.999547
8,-0.10910,0.999803
8,-0.10771,0.999838
8,-0.10632,0.999875
8,-0.10494,1.000026
8,-0.10355,0.999668
8,-0.10216,1.000220
8,-0.10077,1.000241
8,-0.09938,1.000126
8,-0.09799,1.000523
8,-0.09660,0.999977
8,-0.09521,1.000257
8,-0.09382,1.000018
8,-0.09244,1.000423
8,-0.09105,1.000138
8,-0.08966,0.999783
8,-0.08827,0.999651
8,-0.08688,1.000243
8,-0.08549,0.999909
8,-0.08410,1.000493
8,-0.08271,1.000060
8,-0.08133,0.999610
8,-0.07994,0.999726
8,-0.07855,0.999842
8,-0.07716,0.999420
8,-0.07577,1.000139
8,-0.07438,0.999864
8,-0.07299,0.999964
8,-0.07160,1.000557
8,-0.07021,0.999983
8,-0.06883,0.999709
8,-0.06744,1.000273
8,-0.06605,0.999827
8,-0.06466,1.000033
8,-0.06327,1.000567
8,-0.06188,0.999883
8,-0.06049,0.999223
8,-0.05910,0.998359
8,-0.05771,0.997126
8,-0.05633,0.997064
8,-0.05494,0.995372
8,-0.05355,0.994064
8,-0.05216,0.992566
8,-0.05077,0.990922
8,-0.04938,0.990070
8,-0.04799,0.989217
8,-0.04660,0.988116
8,-0.04522,0.987014
8,-0.04383,0.986830
8,-0.04244,0.985940
8,-0.04105,0.985861
8,-0.03966,0.986295
8,-0.03827,0.985801
8,-0.03688,0.985065
8,-0.03549,0.985798
8,-0.03410,0.985216
8,-0.03272,0.984993
8,-0.03133,0.985379
8,-0.02994,0.984608
8,-0.02855,0.984723
8,-0.02716,0.984819
8,-0.02577,0.984499
8,-0.02438,0.984344
8,-0.02299,0.984881
8,-0.02161,0.984329
8,-0.02022,0.984603
8,-0.01883,0.984076
8,-0.01744,0.984305
8,-0.01605,0.983783
8,-0.01466,0.984271
8,-0.01327,0.985281
8,-0.01188,0.984367
8,-0.01049,0.984217
8,-0.00911,0.983989
8,-0.00772,0.983765
8,-0.00633,0.983765
8,-0.00494,0.983730
8,-0.00355,0.984025
8,-0.00216,0.983723
8,-0.00077,0.983964
8,0.00062,0.983565
8,0.00201,0.983658
8,0.00339,0.983948
8,0.00478,0.983906
8,0.00617,0.984259
8,0.00756,0.984395
8,0.00895,0.983885
8,0.01034,0.983803
8,0.01173,0.983747
8,0.01312,0.983770
8,0.01450,0.983706
8,0.01589,0.984699
8,0.01728,0.984405
8,0.01867,0.984661
8,0.02006,0.983936
8,0.02145,0.984882
8,0.02284,0.984942
8,0.02423,0.984185
8,0.02562,0.985058
8,0.02700,0.984672
8,0.02839,0.984562
8,0.02978,0.985361
8,0.03117,0.984649
8,0.03256,0.984958
8,0.03395,0.985126
8,0.03534,0.985158
8,0.03673,0.985688
8,0.03811,0.985510
8,0.03950,0.986829
8,0.04089,0.985469
8,0.04228,0.985466
8,0.04367,0.986108
8,0.04506,0.987058
8,0.04645,0.986847
8,0.04784,0.987396
8,0.04923,0.988766
8,0.05061,0.989794
8,0.05200,0.990972
8,0.05339,0.991983
8,0.05478,0.993967
8,0.05617,0.994652
8,0.05756,0.995231
8,0.05895,0.996993
8,0.06034,0.997808
8,0.06173,0.998542
8,0.06311,0.999667
8,0.06450,0.999432
8,0.06589,0.999460
8,0.06728,1.000700
8,0.06867,1.000097
8,0.07006,1.000142
8,0.07145,0.999985
8,0.07284,1.000544
8,0.07422,1.000311
8,0.07561,0.999616
8,0.07700,1.000090
8,0.07839,1.000258
8,0.07978,1.000027
8,0.08117,0.999742
8,0.08256,1.000097
8,0.08395,1.000174
8,0.08534,1.000478
8,0.08672,1.000565
8,0.08811,1.000552
8,0.08950,0.999838
8,0.09089,0.999622
8,0.09228,0.999680
8,0.09367,0.999538
8,0.09506,0.999565
8,0.09645,1.000119
8,0.09783,1.000664
8,0.09922,0.999956
8,0.10061,0.999740
8,0.10200,0.999273
8,0.10339,1.000193
8,0.10478,1.000512
8,0.10617,1.000140
8,0.10756,1.000518
8,0.10895,1.000053
8,0.11033,0.999981
8,0.11172,1.000308
8,0.11311,1.000262
8,0.11450,1.000230
8,0.11589,0.999047
8,0.11728,0.999938
8,0.11867,1.000203
8,0.12006,1.000469
8,0.12145,0.999704
8,0.12283,1.000362
8,0.12422,0.999572
8,0.12561,1.000443
8,0.12700,1.000279
8,0.12839,0.999702
8,0.12978,1.000348
8,0.13117,0.999828
8,0.13256,0.999286
8,0.13394,1.000168
8,0.13533,0.999997
8,0.13672,1.000165
8,0.13811,1.000306
8,0.13950,1.000155
8,0.14089,1.000180
8,0.14228,0.999885
8,0.14367,1.000055
8,0.14506,1.000532
8,0.14644,1.000744
8,0.14783,1.000273
8,0.14922,1.000042
8,0.15061,1.000302
8,0.15200,0.999696
8,0.15339,1.000383
8,0.15478,1.000421
8,0.15617,1.000013
8,0.15755,1.000455
8,0.15894,0.999697
8,0.16033,0.999582
8,0.16172,0.999750
8,0.16311,0.999779
8,0.16450,0.999945
8,0.16589,1.000137
8,0.16728,0.999924
8,0.16867,1.000087
8,0.17005,0.999912
8,0.17144,0.999683
8,0.17283,0.999643
8,0.17422,0.999878
8,0.17561,0.999860
8,0.17700,0.999872
8,0.17839,1.000103
8,0.17978,0.999787
8,0.18117,0.999629
8,0.18255,1.000073
8,0.18394,0.999887
8,0.18533,0.999984
8,0.18672,0.999797
8,0.18811,1.000163
8,0.18950,0.999747
8,0.19089,0.999498
8,0.19228,0.999882
8,0.19366,0.999883
8,0.19505,1.000108
8,0.19644,0.999786
8,0.19783,0.999753
8,0.19922,0.999761
8,0.20061,1.000102
8,0.20200,0.999781
8,0.20339,1.000024
8,0.20478,1.000450
8,0.20616,1.000571
8,0.20755,1.000156
8,0.20894,0.999683
8,0.21033,1.000317
8,0.21172,1.000001
8,0.21311,1.000287
8,0.21450,1.000487
8,0.21589,0.999840
8,0.21728,1.000109
8,0.21866,1.000207
8,0.22005,0.999674
8,0.22144,1.000604
8,0.22283,0.999613
8,0.22422,0.999446
8,0.22561,0.999802
8,0.22700,1.000196
8,0.22839,1.000314
8,0.22977,1.000236
8,0.23116,0.999963
8,0.23255,0.999294
8,0.23394,0.999575
8,0.23533,1.000020
8,0.23672,1.000327
8,0.23811,1.000169
8,0.23950,0.999725
8,0.24089,0.999926
8,0.24227,0.999351
8,0.24366,0.999699
8,0.24505,1.000061
8,0.24644,1.000671
8,0.24783,1.000457
8,0.24922,0.999770
